year,name,index,type,lo,mi,hi
1991,d1,1,elas,-0.037439854214525184,-0.009204411850708721,-0.0018320020684139695
1991,d1,1,elas_asym,-0.08357489481298383,0.06642629783733343,0.13356972977997533
1991,d2,2,elas,0.11315017897009148,0.2566636291388389,0.3936648532931975
1991,d2,2,elas_asym,-0.853253487501339,-0.1884950570630562,0.04273859885921138
1991,g1,1,elas,0.5203998054483568,0.6515372098790062,0.7640408158177824
1991,g1,1,elas_asym,0.49791040915143525,0.7329077762859378,0.8966760729677483
1991,r1,1,elas,0.6685016258826129,0.7053725556564743,0.7449521052039719
1991,r1,1,elas_asym,0.13274284774152284,0.46034592595441504,0.825881540243277
1991,r2,2,elas,0.197724969388471,0.23070741275656798,0.2648647657765766
1991,r2,2,elas_asym,0.11434891656153798,0.38943044444789454,0.6786513237420265
1991,s1,1,elas,0.013473004066189422,0.06236849839684718,0.29433687124898256
1991,s1,1,elas_asym,0.11873215222692095,0.4470258897545153,0.8174445415693457
1991,s2,2,elas,0.025542311712447516,0.0632191063143239,0.14030122067869177
1991,s2,2,elas_asym,0.02480127329005095,0.08069391567212325,0.19504742847448392
1991,s3,3,elas,0.447663772798912,0.6439969030882894,0.79702900637958
1991,s3,3,elas_asym,0.12053898652640889,0.40006297236161015,0.6955321290497046
1991,s4,4,elas,0.09170793058809483,0.20667240344678706,0.3440036743213181
1991,s4,4,elas_asym,0.035746748229165695,0.11307004411950183,0.25876055269803633
1992,d1,1,elas,-0.37659201080751303,0.003674412913128802,0.16138536943069642
1992,d1,1,elas_asym,-0.15442538808691983,0.05144658886043857,0.13450072344758435
1992,d2,2,elas,-1.08203130112997,-0.4703487326199406,-0.06862967951393063
1992,d2,2,elas_asym,-0.5625386397229006,-0.13962256693951852,0.06732098452998984
1992,g1,1,elas,0.15677891985433529,0.3714356693302438,0.5504570132627625
1992,g1,1,elas_asym,0.3517917115240655,0.5343359735084423,0.7326678253935955
1992,r1,1,elas,-0.24154192771240945,0.028064164922736834,0.2932771194209819
1992,r1,1,elas_asym,0.023342489566351037,0.12748551379273684,0.4107710435171552
1992,r2,2,elas,0.3320364966289875,0.5725900385408902,0.8126779607873291
1992,r2,2,elas_asym,0.25059044421455773,0.5213804164955287,0.7720752107885884
1992,s1,1,elas,0.1871584541229472,0.3642917486519799,0.5599422443739788
1992,s1,1,elas_asym,0.03478525934093724,0.13963170301980504,0.425359560658543
1992,s2,2,elas,0.07571786476936898,0.19206094518314876,0.3864734255204133
1992,s2,2,elas_asym,0.032776274257578356,0.12228368700829285,0.33918687142928583
1992,s3,3,elas,0.2630870038846536,0.43839154399441094,0.6388593813005338
1992,s3,3,elas_asym,0.25147979308240953,0.5285318085191675,0.7801189399749566
1992,s4,4,elas,0.15110470870840703,0.299436306403289,0.5197506027899474
1992,s4,4,elas_asym,0.11117131628344923,0.3019328978057878,0.6416216287470192
1993,d1,1,elas,-0.10509942659501281,0.12799320668376113,0.32008317708186423
1993,d1,1,elas_asym,-0.15290001810966092,0.05068380994481904,0.12426238181022681
1993,d2,2,elas,-0.5428992525602958,-0.15973724020034394,0.10311654427189912
1993,d2,2,elas_asym,-0.5398852100408656,-0.15573016421593186,0.07125578553791014
1993,g1,1,elas,0.1207748818838564,0.27360619920284257,0.4421087589746517
1993,g1,1,elas_asym,0.30394825860140423,0.45292217449082195,0.6315691707813644
1993,r1,1,elas,-0.10573206296245938,0.1353943103900782,0.4166344659881834
1993,r1,1,elas_asym,0.028971412506931603,0.13459693825799518,0.4685052302545934
1993,r2,2,elas,0.2723503187891197,0.5270413766519663,0.7866587040985187
1993,r2,2,elas_asym,0.2053055403500638,0.5007035333144988,0.7531849123237724
1993,s1,1,elas,0.0032180702110588457,0.10812559824256854,0.36938877684642857
1993,s1,1,elas_asym,0.028899129595211237,0.1340897556964587,0.4700657580072349
1993,s2,2,elas,0.05397594773301084,0.18295013484195907,0.48460347230588047
1993,s2,2,elas_asym,0.03738617575334407,0.14811540386465544,0.38718652844686285
1993,s3,3,elas,0.1778698917845744,0.40297043353420225,0.6663500189911283
1993,s3,3,elas_asym,0.20440887953729048,0.506827903322111,0.7642806014350969
1993,s4,4,elas,0.16790531309446308,0.4257635872123449,0.7964363100810368
1993,s4,4,elas_asym,0.1031606965995096,0.29938589582240555,0.6322521120678156
1994,d1,1,elas,-0.09875731975695032,0.07125387503202181,0.1887286384720671
1994,d1,1,elas_asym,-0.12115827086372329,0.06421459063523818,0.13019345986969302
1994,d2,2,elas,-0.45748978975603055,-0.12314198046968894,0.09094272923308908
1994,d2,2,elas_asym,-0.5437607322871089,-0.17602098963034815,0.06135477693464169
1994,g1,1,elas,0.2960771548191971,0.42396536410871033,0.5615011099240272
1994,g1,1,elas_asym,0.3823702675994162,0.5020336811619842,0.6360341651395878
1994,r1,1,elas,0.06102076998015576,0.2730985197928621,0.49860618947112534
1994,r1,1,elas_asym,0.044493731669428924,0.20974273575244307,0.5414694021162432
1994,r2,2,elas,0.2461809550040659,0.4741128178605329,0.693952526350529
1994,r2,2,elas_asym,0.22214331089334627,0.5142693921339868,0.7428480259144649
1994,s1,1,elas,0.02495808179844414,0.1662863307012882,0.4520786267548126
1994,s1,1,elas_asym,0.044272303654320264,0.2121352191759995,0.5490250587500585
1994,s2,2,elas,0.052967989163636486,0.172223321593259,0.3841143396316129
1994,s2,2,elas_asym,0.04991659231266467,0.16523791958174056,0.3611839431796451
1994,s3,3,elas,0.2385655651304463,0.5128076007729996,0.7489380130221974
1994,s3,3,elas_asym,0.22494308508519956,0.521258344906049,0.7546370431039618
1994,s4,4,elas,0.11274995034272128,0.26865171828395873,0.4947632951278356
1994,s4,4,elas_asym,0.0812198772052431,0.21531109482552926,0.4014182353744107
1995,d1,1,elas,-0.0684105315224207,0.07759514412905695,0.19902765488873617
1995,d1,1,elas_asym,-0.10813034365180951,0.059743613673075326,0.12321919927565272
1995,d2,2,elas,-0.562032353179909,-0.1783206215291072,0.06418767150300404
1995,d2,2,elas_asym,-0.40812593113979645,-0.1420636713403938,0.05855598912604081
1995,g1,1,elas,0.21574762857329202,0.3455406212845786,0.4499268812369547
1995,g1,1,elas_asym,0.3617611779436273,0.4991951950671984,0.6695066623343732
1995,r1,1,elas,-0.07936654170896558,0.15394985027413705,0.4019216228018758
1995,r1,1,elas_asym,0.023402842386614355,0.18694950764654028,0.4559905796588797
1995,r2,2,elas,0.24056046645156215,0.47841273215675634,0.6940225934861688
1995,r2,2,elas_asym,0.30757741327502774,0.5519868058472008,0.7446366920340327
1995,s1,1,elas,0.06297066677288354,0.2776213105173687,0.5382059831268192
1995,s1,1,elas_asym,0.027325433890897366,0.19454826573932416,0.46626795932157156
1995,s2,2,elas,0.08971538778418252,0.22812846615601076,0.4079479829707475
1995,s2,2,elas_asym,0.054050883859216005,0.167024099699889,0.33155792330796474
1995,s3,3,elas,0.3041919504934337,0.5473392464166367,0.7496092998383903
1995,s3,3,elas_asym,0.3148796753052782,0.5603826636900736,0.7579553012914613
1995,s4,4,elas,0.137431715690292,0.27610230103848593,0.4415313720007722
1995,s4,4,elas_asym,0.10384238085504863,0.24027114341840652,0.40481358084056673
1996,d1,1,elas,0.002430725155905845,0.11084941153857167,0.2218363166323163
1996,d1,1,elas_asym,-3.0591106926840955e-4,0.10001418723130248,0.14880062522258794
1996,d2,2,elas,-0.38975209809310285,-0.16048824977773987,0.014962371970828591
1996,d2,2,elas_asym,-0.602924667519585,-0.2841103954049179,-0.025391550105261722
1996,g1,1,elas,0.18307023855341817,0.27625115932369404,0.3705877585033387
1996,g1,1,elas_asym,0.30190559156371033,0.4113922636251824,0.565834498326171
1996,r1,1,elas,-0.03021871402527521,0.1260016889438178,0.2922058734466721
1996,r1,1,elas_asym,0.04480027894494378,0.20776537740766954,0.41516247201180534
1996,r2,2,elas,0.35824288831503587,0.5142315677046587,0.6549437313311253
1996,r2,2,elas_asym,0.3227914644012442,0.5113609400672623,0.6751119904585388
1996,s1,1,elas,0.026868433573655346,0.18664564932475852,0.37359180199797554
1996,s1,1,elas_asym,0.04520104204815464,0.2101174788725676,0.42205356397807714
1996,s2,2,elas,0.10487973878671857,0.23979704056575588,0.3834369710925505
1996,s2,2,elas_asym,0.10989169691405545,0.25418255094231135,0.4262137713091341
1996,s3,3,elas,0.40159669749168025,0.5838436677815997,0.7544130976862029
1996,s3,3,elas_asym,0.3278993221471536,0.5206829878695629,0.6867218945417487
1996,s4,4,elas,0.18901708963821814,0.3322315699294062,0.47915893134563814
1996,s4,4,elas_asym,0.12811602021911053,0.2504236582004479,0.3874884397390697
1997,d1,1,elas,-0.04591731345735735,0.06541231168503563,0.15414479578007845
1997,d1,1,elas_asym,-0.05983649406505859,0.09153493668487567,0.17374563386192854
1997,d2,2,elas,-0.5616493027750497,-0.18593652489719084,0.09181129958538913
1997,d2,2,elas_asym,-0.5643446128039722,-0.17478317248241163,0.04008229139899896
1997,g1,1,elas,0.1115013896848567,0.23914697480384217,0.35289175504206693
1997,g1,1,elas_asym,0.13704935395284096,0.24452096556665723,0.35759034741763834
1997,r1,1,elas,0.11478515564578091,0.26780211785579094,0.43163365439497936
1997,r1,1,elas_asym,0.08494001422083852,0.2511931840411408,0.4634018944693755
1997,r2,2,elas,0.1703039934570188,0.31453783973774707,0.46145067141216367
1997,r2,2,elas_asym,0.15154144131895014,0.3034565545290827,0.4814082593088321
1997,s1,1,elas,0.056335868386115824,0.18339461579810762,0.35519632962118625
1997,s1,1,elas_asym,0.08397250940406384,0.25391140574855636,0.46885870968465954
1997,s2,2,elas,0.22902118375315472,0.4516963241560936,0.703472500011598
1997,s2,2,elas_asym,0.22229161419294913,0.45886409706717013,0.7598912934074107
1997,s3,3,elas,0.25712492137744236,0.3947201902092913,0.5471369272010455
1997,s3,3,elas_asym,0.15612438251532204,0.3097889784545962,0.4953739731479219
1997,s4,4,elas,0.1741159673833398,0.3284466654318325,0.5036731082863545
1997,s4,4,elas_asym,0.1411346545558591,0.29055764529256645,0.47501824840119816
1998,d1,1,elas,-0.04074073715880173,0.15931973923413484,0.30766272276956724
1998,d1,1,elas_asym,-0.06510104504447103,0.08821301544112414,0.157661323317391
1998,d2,2,elas,-0.7077799773912253,-0.23756011903822222,0.05895607681436609
1998,d2,2,elas_asym,-0.6472451488879405,-0.24397705346341086,0.035546581325364354
1998,g1,1,elas,0.034583834322276,0.20896864241447277,0.33031819233427895
1998,g1,1,elas_asym,0.19107621391776028,0.35131836762874313,0.5467570438449252
1998,r1,1,elas,0.026307625768958905,0.2182630794961229,0.4164204582264035
1998,r1,1,elas_asym,0.03321014163456967,0.14376215980544357,0.3783492368164981
1998,r2,2,elas,0.2916009661373037,0.4713375773151441,0.6568934778524749
1998,r2,2,elas_asym,0.2544714084255026,0.47776193861608635,0.7061074907546592
1998,s1,1,elas,0.06053056460273326,0.19557381713501937,0.3996797803276314
1998,s1,1,elas_asym,0.034927544178603456,0.14598595399466047,0.3866037763947658
1998,s2,2,elas,0.17827649247451904,0.37556587270290614,0.6858473956399779
1998,s2,2,elas_asym,0.08341011420100262,0.22001953071580194,0.4695908281265088
1998,s3,3,elas,0.12511179002960154,0.2602517647449981,0.4511501589493278
1998,s3,3,elas_asym,0.2547280192938199,0.4847263605908978,0.7138239092346383
1998,s4,4,elas,0.16843955638834898,0.34394692050923253,0.5840296809139781
1998,s4,4,elas_asym,0.1313125124627907,0.3119671873309885,0.5778504405876302
1999,d1,1,elas,-0.11939195363933172,0.09678396030536854,0.24415264577038262
1999,d1,1,elas_asym,-0.10998911780715812,0.05125370691471984,0.11606070990907255
1999,d2,2,elas,-0.4789016589752719,-0.12911955123383506,0.09617477111772786
1999,d2,2,elas_asym,-0.4105646861558292,-0.13252451460893738,0.06619722656193035
1999,g1,1,elas,0.22095608773892675,0.348042543585689,0.49275809429789685
1999,g1,1,elas_asym,0.3031286970001817,0.4361566160595639,0.5828162830164441
1999,r1,1,elas,3.883073299666876e-4,0.19972199475190577,0.4131419582475167
1999,r1,1,elas_asym,0.030785022591015163,0.14602012373206508,0.3986929299737225
1999,r2,2,elas,0.27072480810610666,0.5068103458168896,0.7355645675352933
1999,r2,2,elas_asym,0.2870026020430061,0.5497494854117185,0.7695319039622891
1999,s1,1,elas,0.06040941232199538,0.19698033510442547,0.4119214341920182
1999,s1,1,elas_asym,0.03238956567254331,0.1475030736545181,0.4043285387169785
1999,s2,2,elas,0.07333879764096625,0.21344626576875259,0.44126015899060245
1999,s2,2,elas_asym,0.04673875105968905,0.14465415727974174,0.33506806649475396
1999,s3,3,elas,0.2400400340274647,0.4585227067280623,0.674099571448917
1999,s3,3,elas_asym,0.2910939005710952,0.5566020776716327,0.7804253876464222
1999,s4,4,elas,0.1456156850270303,0.30917133883416714,0.5339201819449081
1999,s4,4,elas_asym,0.12360354401476213,0.28461215728288725,0.5339542963824776
2000,d1,1,elas,0.025423128874343157,0.13081013682340595,0.25442097087791343
2000,d1,1,elas_asym,0.004337406275347656,0.05332732429386853,0.10269414292382675
2000,d2,2,elas,-0.3932337283967014,-0.1478218916288766,0.005265475105737367
2000,d2,2,elas_asym,-0.3533839655095811,-0.14735041149151634,-0.014079537785975208
2000,g1,1,elas,0.31016638953810965,0.4228057913099935,0.5280255707616901
2000,g1,1,elas_asym,0.4165113623053966,0.5103364759083597,0.6257577786587897
2000,r1,1,elas,-0.04266132023040562,0.07382484541859097,0.2287882013092341
2000,r1,1,elas_asym,0.016638730321058906,0.07350353208313784,0.21620158762063357
2000,r2,2,elas,0.5180055271840589,0.6867645226687691,0.8392322724935901
2000,r2,2,elas_asym,0.5128258641527281,0.6867984669312588,0.8195023407232872
2000,s1,1,elas,0.03450818279906736,0.144216085704566,0.35339866298724965
2000,s1,1,elas_asym,0.018663790629190945,0.0768766358749076,0.22097849068179876
2000,s2,2,elas,0.04600752071624409,0.1342951328150851,0.28702019526406725
2000,s2,2,elas_asym,0.034368233312601325,0.09657842463373012,0.2187475936549992
2000,s3,3,elas,0.32154693906591,0.5567108620057045,0.7466531475362601
2000,s3,3,elas_asym,0.51503939238631,0.6940915603456861,0.8253132679190862
2000,s4,4,elas,0.16242790871640245,0.3258533101389307,0.5328157073668197
2000,s4,4,elas_asym,0.13734561856335767,0.29024857377813745,0.48196116243589976
2001,d1,1,elas,-0.058132551294786866,0.026088150789478848,0.09462874591410221
2001,d1,1,elas_asym,-0.0412060935116129,0.05462764288540201,0.09639724994903404
2001,d2,2,elas,-0.2439866468629403,-0.06914251111824671,0.0645902924632848
2001,d2,2,elas_asym,-0.2667394622585457,-0.10654604885708727,0.027487778467720252
2001,g1,1,elas,0.3186881583806709,0.4010045612632563,0.4860396005863614
2001,g1,1,elas_asym,0.34101971902795625,0.4292975680821358,0.5570196391266687
2001,r1,1,elas,0.07257952086450964,0.18271903098806547,0.3023284197861474
2001,r1,1,elas_asym,0.04825374397149108,0.14619382997877417,0.29200421380854663
2001,r2,2,elas,0.34395255196883645,0.4809278602485424,0.6020353680988355
2001,r2,2,elas_asym,0.41318456623695743,0.5686669618213668,0.7057646456930925
2001,s1,1,elas,0.0327451902207149,0.11324046486688522,0.23431055443339682
2001,s1,1,elas_asym,0.04844506993232289,0.14670739861494553,0.29385734742705044
2001,s2,2,elas,0.07282814144379972,0.15587622050182603,0.264497939179537
2001,s2,2,elas_asym,0.0731112327255192,0.1544890510545823,0.25899902616219367
2001,s3,3,elas,0.5271268947910708,0.6715123276932631,0.7986775203450167
2001,s3,3,elas_asym,0.425681691146029,0.5816310619295773,0.7191883229438578
2001,s4,4,elas,0.23222941536793065,0.3681852393304845,0.5089170531419014
2001,s4,4,elas_asym,0.21175865549346926,0.34882768073161613,0.5054969943401514
2002,d1,1,elas,-0.03552807627824551,0.02911252717285648,0.08821345002403462
2002,d1,1,elas_asym,-0.014828086198245763,0.05729011710687695,0.10259029474832525
2002,d2,2,elas,-0.16981041634128272,-0.0531621274741029,0.03534209479071111
2002,d2,2,elas_asym,-0.27571364483271,-0.10992326523418909,0.006912744366592039
2002,g1,1,elas,0.18049179094149295,0.24789438811858833,0.3155953455735382
2002,g1,1,elas_asym,0.27817974905434073,0.3640322898141352,0.4645805208317747
2002,r1,1,elas,0.033670020884437005,0.12652841676350474,0.21387414179128827
2002,r1,1,elas_asym,0.10620881136468444,0.2393354483355644,0.36765482401805566
2002,r2,2,elas,0.29595746581307436,0.3750060390393124,0.45971365983232604
2002,r2,2,elas_asym,0.3139880480220274,0.411256370463486,0.5121731303272561
2002,s1,1,elas,0.08516709401255787,0.1878202793967264,0.28388974720134785
2002,s1,1,elas_asym,0.10914638587042158,0.24389658177370444,0.37563495277942704
2002,s2,2,elas,0.13596199753025073,0.21227934109298147,0.2936010536668402
2002,s2,2,elas_asym,0.17669347283336165,0.2610502079734953,0.3485284085100814
2002,s3,3,elas,0.4955233671228002,0.592168284474488,0.6846824510937756
2002,s3,3,elas_asym,0.31982384939161435,0.42197864821837683,0.5235384358267261
2002,s4,4,elas,0.4102951419768062,0.5084845717693134,0.6009484050173114
2002,s4,4,elas_asym,0.3169331007279314,0.4166425589839502,0.5177321467748845
2003,d1,1,elas,-0.035147162916843666,0.05209925265058726,0.13841833505731543
2003,d1,1,elas_asym,-0.05935075300183719,0.054551448388580344,0.13483720567009677
2003,d2,2,elas,-0.2777848016649168,-0.09317968757313863,0.06884695242361948
2003,d2,2,elas_asym,-0.2639554437820072,-0.0800944918217876,0.07051644476116034
2003,g1,1,elas,0.02602946545573076,0.10944548276485422,0.19919898211545045
2003,g1,1,elas_asym,0.007565165478237462,0.05753012999623025,0.10487458256978577
2003,r1,1,elas,0.028371276732632008,0.1105893631393316,0.19679247917443626
2003,r1,1,elas_asym,0.03625378350384077,0.10321899852834276,0.18117343379965853
2003,r2,2,elas,0.094894110218038355,0.17268186915005224,0.2505014877840211
2003,r2,2,elas_asym,0.09968175191846565,0.17111681839401918,0.25083502476444564
2003,s1,1,elas,0.041365841170714596,0.10950912167072485,0.1933001747743665
2003,s1,1,elas_asym,0.03793445618855044,0.10655558550678795,0.18494602360771326
2003,s2,2,elas,0.5471541779720961,0.6974192885273149,0.8480590147261595
2003,s2,2,elas_asym,0.5222168269916406,0.6953390766613085,0.8690534533397686
2003,s3,3,elas,0.15496506985456338,0.21953701695534233,0.29335477062888765
2003,s3,3,elas_asym,0.10298743231759347,0.17668595230008394,0.2565540266240398
2003,s4,4,elas,0.5268236481835273,0.6748700250245061,0.8177517410135796
2003,s4,4,elas_asym,0.555430002912844,0.7180418334888249,0.8832703403023693
2004,d1,1,elas,-0.5419689759447732,-0.1567133652261405,0.10715778763027232
2004,d1,1,elas_asym,-0.5089619127638806,-0.09284762549977052,0.08143489078418423
2004,d2,2,elas,-0.12558531141731585,0.08533800815011376,0.2284141281775411
2004,d2,2,elas_asym,-0.14753438615705658,0.05787866892543297,0.17704469027199837
2004,g1,1,elas,-0.010077903527463954,0.059908969780780974,0.12039420726881107
2004,g1,1,elas_asym,0.038256325869688176,0.14300268906685787,0.24895912690331026
2004,r1,1,elas,0.126052571201791,0.28271731747540885,0.43897022745060227
2004,r1,1,elas_asym,0.07099017397022096,0.20284642348827128,0.4004938030482301
2004,r2,2,elas,0.08540622306158231,0.19886332203214474,0.3276350885613948
2004,r2,2,elas_asym,0.1085588341452924,0.23268059048352555,0.3894922478046339
2004,s1,1,elas,0.07138189470077348,0.18934804103891556,0.37187040131428317
2004,s1,1,elas_asym,0.07140777962783049,0.2055008804624917,0.4061638608003607
2004,s2,2,elas,0.19947956111389978,0.40954130326015736,0.6524943879353874
2004,s2,2,elas_asym,0.13217278880320824,0.28390034264679964,0.5130070862544369
2004,s3,3,elas,0.10140844964051755,0.19633145844369282,0.3249485810658257
2004,s3,3,elas_asym,0.11174879896545556,0.23747701828291257,0.4006789444933234
2004,s4,4,elas,0.3689941526602336,0.6257326157204591,0.94012496831767145
2004,s4,4,elas_asym,0.3887235686533789,0.6786609093239959,1.046476429970321
2005,d1,1,elas,-0.3866950199011336,0.007695469986609554,0.2214773960268795
2005,d1,1,elas_asym,-0.3333127611030232,0.005029775740313342,0.08137372473515059
2005,d2,2,elas,-0.21588301435113316,0.007902822208860946,0.1668525771652489
2005,d2,2,elas_asym,-0.26217076175787846,-0.031133829935154584,0.128166997090503
2005,g1,1,elas,0.0565734331190299,0.176265335569253,0.2850042968357603
2005,g1,1,elas_asym,0.22650599569711227,0.39456224380768873,0.6053092658880678
2005,r1,1,elas,0.05463421214948011,0.23945115721196397,0.43988669957905635
2005,r1,1,elas_asym,0.03625482508314603,0.1589570911335723,0.4143182292259271
2005,r2,2,elas,0.31962115177702716,0.5001863767504127,0.6838328234176615
2005,r2,2,elas_asym,0.2829725783722223,0.5271144556281968,0.7467442610134941
2005,s1,1,elas,0.060016523353927896,0.2003123723033099,0.4031909208583211
2005,s1,1,elas_asym,0.03709492040081664,0.15936302954766268,0.41694756553989937
2005,s2,2,elas,0.08610794349169082,0.22435336383377935,0.43041399777810685
2005,s2,2,elas_asym,0.04105064659931023,0.12289892600401445,0.2983057305981221
2005,s3,3,elas,0.12346480978785981,0.2561392707042258,0.4289493791768764
2005,s3,3,elas_asym,0.28236500895432204,0.5310983472623105,0.749986428211405
2005,s4,4,elas,0.2319125803228398,0.4677732740536984,0.772960684197256
2005,s4,4,elas_asym,0.1284831635640096,0.30658616718149945,0.6214815144516149
2006,d1,1,elas,-0.10612034702892562,0.11417197633825613,0.26050099518593295
2006,d1,1,elas_asym,-0.0642772555732889,0.04831428353248334,0.09000310046065459
2006,d2,2,elas,-0.29346576964425813,-0.07965912639809031,0.06389651360324503
2006,d2,2,elas_asym,-0.32881747071334566,-0.13769065349244297,0.036046699973010486
2006,g1,1,elas,0.29258865808475343,0.4099213679992315,0.5299573713814559
2006,g1,1,elas_asym,0.3837280877135866,0.48609517677449304,0.6095343961723063
2006,r1,1,elas,-0.04054403641325786,0.12080682060003922,0.30128088945327625
2006,r1,1,elas_asym,0.014293716867538407,0.09222801496599474,0.28628522936029566
2006,r2,2,elas,0.481566042441783,0.6647279154354577,0.8263080537884729
2006,r2,2,elas_asym,0.49497732215595464,0.6826584883595714,0.8180694290750745
2006,s1,1,elas,0.02242455968756354,0.11670981062315733,0.31359219682376105
2006,s1,1,elas_asym,0.01577737414857689,0.09224352915488637,0.29213699946629407
2006,s2,2,elas,0.019721350672330707,0.09062963734710194,0.22146592828189293
2006,s2,2,elas_asym,0.025914914089400425,0.08283049050684796,0.1903289923816307
2006,s3,3,elas,0.39075161172045236,0.6025352231794754,0.7852393366072683
2006,s3,3,elas_asym,0.5022846040370965,0.6923368903517882,0.8300343346456338
2006,s4,4,elas,0.12870467873923885,0.31826866340831184,0.570752330939627
2006,s4,4,elas_asym,0.09155473135602175,0.2553191547208504,0.4767489528465281
2007,d1,1,elas,-0.2390174386140373,-0.01029793657183875,0.08427882498825723
2007,d1,1,elas_asym,-0.19366273029946063,0.020523266811040004,0.06273708218596354
2007,d2,2,elas,-0.19565824048600128,-0.015325230919944158,0.13563024958728015
2007,d2,2,elas_asym,-0.207461437882955,-0.05627244804431342,0.09121670115794758
2007,g1,1,elas,0.2931415805906465,0.39636779425493557,0.4983210331925255
2007,g1,1,elas_asym,0.30346811321646927,0.4061249956107153,0.5595100320942854
2007,r1,1,elas,0.038703238218329786,0.17647370707158067,0.334653703557955
2007,r1,1,elas_asym,0.018462716011454345,0.11341374911052682,0.2932932745490064
2007,r2,2,elas,0.408533551384985,0.5585207335472031,0.7005740800035702
2007,r2,2,elas_asym,0.44718018299977774,0.6263396528339877,0.7768498512508782
2007,s1,1,elas,0.01733874477177286,0.12010359551091604,0.3505850029241821
2007,s1,1,elas_asym,0.01829180181520887,0.11390570845485087,0.3002324126966837
2007,s2,2,elas,0.019016013950850924,0.07881951384008279,0.18344438188265405
2007,s2,2,elas_asym,0.01630794095130663,0.05803270260423275,0.14023927862322966
2007,s3,3,elas,0.47531027627070455,0.6573115568351362,0.8027281977644418
2007,s3,3,elas_asym,0.45575521220503445,0.6419476333697858,0.7928076524764589
2007,s4,4,elas,0.12608929796510593,0.33985841844098275,0.5678326870519593
2007,s4,4,elas_asym,0.11106317354263284,0.3549197681856756,0.6425873216249602
2008,d1,1,elas,-0.32711270442345936,0.0013764193829592514,0.12514012149277248
2008,d1,1,elas_asym,-0.34786474980603693,0.005231314605826147,0.04975488815748273
2008,d2,2,elas,-0.22919072904908191,-0.012892212879482348,0.1563538134408383
2008,d2,2,elas_asym,-0.157144820884581,-0.018683186136753467,0.12030328340588693
2008,g1,1,elas,0.2451484413533907,0.35069480019797483,0.45614237252805745
2008,g1,1,elas_asym,0.32816256709232827,0.4445559348602724,0.6032129378347654
2008,r1,1,elas,-0.007779734631673963,0.15979103365276115,0.3467830465623726
2008,r1,1,elas_asym,0.01697678644780867,0.10359141679452008,0.31904464605558613
2008,r2,2,elas,0.4190828835625744,0.6086259137177212,0.783453071162646
2008,r2,2,elas_asym,0.4148236712293718,0.6409573093271581,0.802759699747858
2008,s1,1,elas,0.027307523402562643,0.14760528123359268,0.3648751713841964
2008,s1,1,elas_asym,0.016916667817387,0.10405938633109016,0.32248476386714453
2008,s2,2,elas,0.022552178467096874,0.08253857535315934,0.19628480561307207
2008,s2,2,elas_asym,0.013188613592638308,0.049533329715998414,0.13926799231674478
2008,s3,3,elas,0.34583702233298624,0.5407381448932578,0.7114385927284669
2008,s3,3,elas_asym,0.4182172801016285,0.651406723628995,0.8140248444013237
2008,s4,4,elas,0.1545870118572245,0.3726166512725291,0.6631249556305834
2008,s4,4,elas_asym,0.11336569219878101,0.3062028228531264,0.6194200284307168
2009,d1,1,elas,-0.1870366645429602,0.06177782076323485,0.17956899762028505
2009,d1,1,elas_asym,-0.13832149511974526,0.02318891607188503,0.06380095124741866
2009,d2,2,elas,-0.22886432474681134,-0.058045330189877196,0.09149909521114084
2009,d2,2,elas_asym,-0.22508805324125544,-0.07142004323371338,0.07351602603331234
2009,g1,1,elas,0.27280649744310465,0.3846861745036403,0.49309170794287027
2009,g1,1,elas_asym,0.3186051677346583,0.42772380393220544,0.5814591239776931
2009,r1,1,elas,-0.05733028832424244,0.08025840267610618,0.264776478565011
2009,r1,1,elas_asym,0.006757021427710881,0.06008433036497571,0.25714469618934993
2009,r2,2,elas,0.44490897415085684,0.6433917281748149,0.823814160573073
2009,r2,2,elas_asym,0.47225336397721135,0.6776154011506168,0.8336426737927487
2009,s1,1,elas,0.010820491741043554,0.08458330483094545,0.25981282186028065
2009,s1,1,elas_asym,0.00824683067013692,0.060766397946946854,0.26227081642778194
2009,s2,2,elas,0.006623124888623454,0.04607135907068849,0.1367470225235443
2009,s2,2,elas_asym,0.012275541897162283,0.04894629015113139,0.15238134640587744
2009,s3,3,elas,0.49331920605940793,0.6861514736335539,0.8458359370590192
2009,s3,3,elas_asym,0.4792252782215863,0.6886639129304917,0.8502033131570129
2009,s4,4,elas,0.12800933240005477,0.35326927718539713,0.6719964756488112
2009,s4,4,elas_asym,0.09154463710287637,0.3046835898235699,0.646270138047015
2010,d1,1,elas,-0.09842237220364407,0.02332091234370548,0.09477546511931292
2010,d1,1,elas_asym,-0.11444972334893011,0.03150031382263291,0.07720869543531804
2010,d2,2,elas,-0.14956771632468144,0.021123654153341193,0.15984853204882965
2010,d2,2,elas_asym,-0.2906816189319189,-0.09562973930647187,0.06261845266695859
2010,g1,1,elas,0.25440040581026013,0.34764136218184016,0.4471761899840758
2010,g1,1,elas_asym,0.2921143321191846,0.4056290819006457,0.5645415454826873
2010,r1,1,elas,0.11286255140169812,0.22644100401592426,0.35672989293653423
2010,r1,1,elas_asym,0.012813907469349744,0.06450624646586384,0.2804651605592829
2010,r2,2,elas,0.39592974117849516,0.5566629704967547,0.7125265849672469
2010,r2,2,elas_asym,0.460628456946918,0.6662823082405472,0.8350198634819108
2010,s1,1,elas,0.004370188046371943,0.042300191925267905,0.2157389160530541
2010,s1,1,elas_asym,0.010012905353994826,0.06257400249436329,0.28188038289158385
2010,s2,2,elas,0.011136729169480369,0.06071651176958914,0.1653180055893233
2010,s2,2,elas_asym,0.011940203733329827,0.053963489938452944,0.15751098978619216
2010,s3,3,elas,0.4728917659180153,0.6644805328873034,0.8293078609801169
2010,s3,3,elas_asym,0.46813460090276504,0.6759551155036013,0.8532080602089835
2010,s4,4,elas,0.09456890286765679,0.35852427436141854,0.655385281120616
2010,s4,4,elas_asym,0.07335641367091515,0.3124008644062769,0.6327663386868144
2011,d1,1,elas,-0.313172091700772,-0.00862684477348813,0.09712843652869549
2011,d1,1,elas_asym,-0.3598746089757947,0.017217061261449056,0.0714917078334669
2011,d2,2,elas,-0.3902947585636208,-0.10797991569919843,0.14051325967890427
2011,d2,2,elas_asym,-0.29499976991793986,-0.05275343471903625,0.12500626891877206
2011,g1,1,elas,0.17866467124486216,0.3432286961060935,0.47316237222211466
2011,g1,1,elas_asym,0.27711335057255304,0.4465339985748682,0.656505789308581
2011,r1,1,elas,-0.12184272611873584,0.07351612792098272,0.34474219166795067
2011,r1,1,elas_asym,0.009041426575834328,0.08597635442609047,0.3746069164492262
2011,r2,2,elas,0.3918190440772634,0.6423843208844104,0.8858084696751021
2011,r2,2,elas_asym,0.3249286853022406,0.6139165945482079,0.8391783092759475
2011,s1,1,elas,0.01942271356749059,0.10998313916641389,0.33354287742260247
2011,s1,1,elas_asym,0.011068493877798973,0.08664366827822491,0.3779743638443718
2011,s2,2,elas,0.017658368050102208,0.08393258459193464,0.23800082721117602
2011,s2,2,elas_asym,0.0142849130019294,0.07224847695244249,0.2295729653732157
2011,s3,3,elas,0.34809608479341997,0.5532559691371768,0.7352721935500016
2011,s3,3,elas_asym,0.3293490188219316,0.6195421260069418,0.8466571181157929
2011,s4,4,elas,0.13254825499055367,0.36945360401406946,0.7350579636358685
2011,s4,4,elas_asym,0.06912055061552876,0.2606926331218059,0.6901657162117607
2012,d1,1,elas,-0.01868793027172073,0.10520448734308006,0.2435692906875115
2012,d1,1,elas_asym,-0.024473555655521784,0.024290385571913937,0.06602997861046084
2012,d2,2,elas,-0.4419729524337972,-0.1845096511906666,0.021541276690453155
2012,d2,2,elas_asym,-0.402467227764349,-0.1544789644656966,0.009539009284243087
2012,g1,1,elas,0.3049803166962716,0.4833615723167377,0.6420022094269799
2012,g1,1,elas_asym,0.5257663258668941,0.7419901986475919,0.9064935809412458
2012,r1,1,elas,-0.11996849000878713,0.01496564566925973,0.2192095381112391
2012,r1,1,elas_asym,0.001431518195734726,0.025784747721812808,0.1983559042367482
2012,r2,2,elas,0.5835193982167639,0.8462688995493499,1.0332157508331774
2012,r2,2,elas_asym,0.5493605925095622,0.8474855761730435,0.9644908806549406
2012,s1,1,elas,0.003106213660887596,0.04551404075372545,0.2915626298039218
2012,s1,1,elas_asym,0.002855711801563984,0.027339370029402087,0.20215685055549856
2012,s2,2,elas,0.00946762013892842,0.05227334385297744,0.18971207384818323
2012,s2,2,elas_asym,0.004381966802729017,0.028602371937686114,0.1151978942177279
2012,s3,3,elas,0.28019331741131304,0.6235056906098482,0.8367344562171801
2012,s3,3,elas_asym,0.5479141811536061,0.8486283411919385,0.9627166718532196
2012,s4,4,elas,0.05923309823568304,0.2178424662779379,0.6958535105946337
2012,s4,4,elas_asym,0.017559831628747705,0.1023006668416457,0.42593363508591886
2013,d1,1,elas,-0.18630401914318498,0.021808796108863396,0.09023680870331065
2013,d1,1,elas_asym,-0.2388931785995323,0.03936520677373092,0.094034586909835155
2013,d2,2,elas,-0.3734434637465826,-0.08181188307672047,0.16971122228494356
2013,d2,2,elas_asym,-0.592722848186496,-0.23005064860776542,0.09168688619940998
2013,g1,1,elas,0.45971027934830233,0.5974900273559134,0.7120725696421524
2013,g1,1,elas_asym,0.4764992524392505,0.6243745835608439,0.7769737001510326
2013,r1,1,elas,0.049191527848235966,0.1933575065390628,0.4546361845898813
2013,r1,1,elas_asym,0.008530071074975002,0.06699262055141389,0.4737936539788299
2013,r2,2,elas,0.30752671034610995,0.6270627565184794,0.8017624744054745
2013,r2,2,elas_asym,0.3293787365638801,0.7409014259197448,0.9039542175029337
2013,s1,1,elas,0.0037352359609362827,0.04151957282798352,0.2600599708581837
2013,s1,1,elas_asym,0.007516235592108605,0.06579018781511878,0.4775838299853661
2013,s2,2,elas,0.012915529555764957,0.05656335238385446,0.17781333870928434
2013,s2,2,elas_asym,0.01256131211825664,0.05570243130985077,0.19546466927382988
2013,s3,3,elas,0.549512087024957,0.8175936329469935,0.9397721703091252
2013,s3,3,elas_asym,0.340265620769741,0.752972974572632,0.9171990821575796
2013,s4,4,elas,0.04450761479708998,0.14778908220224363,0.3987488351588526
2013,s4,4,elas_asym,0.03222638931883082,0.11770189628680526,0.3547794114771429
2014,d1,1,elas,-0.06553781276331119,0.034858633737055875,0.10836603195380581
2014,d1,1,elas_asym,-0.22341827668396924,0.0349786734785426,0.08553109774935994
2014,d2,2,elas,-0.5322800798594176,-0.20336891586173012,0.148393346491779
2014,d2,2,elas_asym,-0.8628220107626539,-0.4242399568768639,0.07035292610726121
2014,g1,1,elas,0.5194998291104976,0.6995088384715697,0.8182542271520797
2014,g1,1,elas_asym,0.6746592207400195,0.8605960415272588,0.9399067627828174
2014,r1,1,elas,0.09852469878880453,0.24156400866033945,0.4871029864022446
2014,r1,1,elas_asym,0.011443616625377424,0.06231541466966192,0.5147185187990957
2014,r2,2,elas,0.40502553566246696,0.7174166312933865,0.8708541997913328
2014,r2,2,elas_asym,0.3786695961088729,0.8611416706133252,0.9604948964281836
2014,s1,1,elas,0.002289691126256229,0.03243916614812459,0.484939254067303
2014,s1,1,elas_asym,0.007110598560883744,0.05880510530365882,0.5211977582065793
2014,s2,2,elas,0.006687743333860061,0.038236734659803484,0.14904188784305156
2014,s2,2,elas_asym,0.003998924635282027,0.022523999054590717,0.10089995412673658
2014,s3,3,elas,0.25533747912404403,0.7825838447122155,0.9033532020118338
2014,s3,3,elas_asym,0.3745163187623006,0.8663451231808912,0.9621655814164767
2014,s4,4,elas,0.015862776167787036,0.06980470296709917,0.26403450723800476
2014,s4,4,elas_asym,0.008629054606287082,0.03764465209189524,0.1637196315474651
2015,d1,1,elas,-0.32847582510532514,0.016440000612566674,0.11392382574938145
2015,d1,1,elas_asym,-0.25563644321451184,0.03988523476021699,0.10625514427366897
2015,d2,2,elas,-0.815715617753201,-0.22780020270116594,0.15415779069317093
2015,d2,2,elas_asym,-0.5960710779087377,-0.1654941523132099,0.10689666034038803
2015,g1,1,elas,0.3801966541483335,0.560364862640637,0.7024257709802217
2015,g1,1,elas_asym,0.4559427209918834,0.656987659266399,0.825282339467332
2015,r1,1,elas,-0.09039031511117691,0.1448759048824778,0.49028338787826337
2015,r1,1,elas_asym,0.006244986695601882,0.11176479991541399,0.4695306603598475
2015,r2,2,elas,0.2312397592916496,0.5547893742163676,0.8337235589625305
2015,r2,2,elas_asym,0.2997475862269131,0.6381575370014275,0.8735971732152366
2015,s1,1,elas,0.025356022386696212,0.17572323588062932,0.4589833729588211
2015,s1,1,elas_asym,0.00978420259524031,0.11654193911617153,0.475302978617853
2015,s2,2,elas,0.027985588564816935,0.10881766981464813,0.2826166214615713
2015,s2,2,elas_asym,0.015097173045909155,0.08014771804967154,0.2771872520452511
2015,s3,3,elas,0.4296959917868898,0.6825784130782573,0.8770486853112759
2015,s3,3,elas_asym,0.30750851232731097,0.6476846088948832,0.88387644002289
2015,s4,4,elas,0.07599887440389312,0.18994492097506166,0.39889879561575414
2015,s4,4,elas_asym,0.047759439023297226,0.1745363589745945,0.4533711680626523
2016,d1,1,elas,0.013478735204448583,0.1393213248435432,0.27363690715930705
2016,d1,1,elas_asym,0.001088763434755525,0.0408588983987584,0.08970197273728577
2016,d2,2,elas,-0.7697821530271474,-0.3210637952518014,-0.004715811454462601
2016,d2,2,elas_asym,-0.4859448689016812,-0.21087540552919293,-0.017808997444186674
2016,g1,1,elas,0.219857452632853,0.4044004428330472,0.5731496032545966
2016,g1,1,elas_asym,0.44628962736238975,0.5841538320050853,0.7527191029171101
2016,r1,1,elas,-0.23653786279830213,-0.04361370378962526,0.24320235751755648
2016,r1,1,elas_asym,-9.565032773786469e-4,0.021284215146328334,0.22716737970296408
2016,r2,2,elas,0.49079638790770636,0.7683119351705048,0.9967561378954418
2016,r2,2,elas_asym,0.5409056406268632,0.7717239948237704,0.9102891067101125
2016,s1,1,elas,0.0019475433400629784,0.06869372930724515,0.4103306455411494
2016,s1,1,elas_asym,0.0011610208770607413,0.022465328030639997,0.23170334670899145
2016,s2,2,elas,0.02077008835400181,0.09557812430755508,0.2920288362683536
2016,s2,2,elas_asym,0.008332085999254104,0.050032919385565006,0.16871314947653865
2016,s3,3,elas,0.32778357714713613,0.6509530894316296,0.8828377751915766
2016,s3,3,elas_asym,0.542295113844351,0.7774503961145875,0.9144880745159678
2016,s4,4,elas,0.09791113066113588,0.26971261652602596,0.5548720317887631
2016,s4,4,elas_asym,0.06533831075425449,0.20911219395931796,0.4511877284604258
2017,d1,1,elas,0.03135065315095233,0.10409442448780935,0.22743742506805398
2017,d1,1,elas_asym,0.009345998532711118,0.03574695465013008,0.07627838983350613
2017,d2,2,elas,-0.4780167052948788,-0.2487176204953136,-0.08773400226246277
2017,d2,2,elas_asym,-0.38891606105774224,-0.2079673953742291,-0.06547038540224767
2017,g1,1,elas,0.4157071682054355,0.519676492244449,0.6361212820188793
2017,g1,1,elas_asym,0.4916596778119719,0.5940722749484485,0.7356833851080082
2017,r1,1,elas,-0.12308512187939588,-0.016732020700957917,0.08094199122125231
2017,r1,1,elas_asym,-5.563807186320259e-4,0.00700613125998153,0.07301186209678455
2017,r2,2,elas,0.7379018876648444,0.8648300495366792,0.9812028485824632
2017,r2,2,elas_asym,0.7253475853311578,0.835938298174699,0.9171025571889493
2017,s1,1,elas,7.406005375404603e-5,0.01305610308810401,0.16831104758200802
2017,s1,1,elas_asym,3.946262911098757e-4,0.007912221516210138,0.07609246821011703
2017,s2,2,elas,0.0069465420309200365,0.04666150867779084,0.139851459687725
2017,s2,2,elas_asym,0.006908679053586835,0.03497728586810567,0.1087354636758545
2017,s3,3,elas,0.5917515779476877,0.7739192598611657,0.8892985186707664
2017,s3,3,elas_asym,0.731358283342695,0.840782104712311,0.9199704662014485
2017,s4,4,elas,0.11061126958261873,0.2590497596360466,0.4385757008100209
2017,s4,4,elas_asym,0.08448383587548951,0.22012807829742032,0.3718293405764753
2018,d1,1,elas,-0.021228672637434626,0.01815935779886685,0.060851939510033544
2018,d1,1,elas_asym,0.008971503477360731,0.05936547431448495,0.10409963294744548
2018,d2,2,elas,-0.271258648531304,-0.08034702469933752,0.09125737184997357
2018,d2,2,elas_asym,-0.48924881148964156,-0.27163221498682616,-0.06288411318294101
2018,g1,1,elas,0.06653393056086306,0.23494036813005392,0.3815149552626167
2018,g1,1,elas_asym,0.28517552935165436,0.43139288067830817,0.6043182739157046
2018,r1,1,elas,0.014656994050860794,0.11695758394206979,0.25417364416058746
2018,r1,1,elas_asym,0.001805846629076382,0.030411107780287664,0.21505775483602446
2018,r2,2,elas,0.22568740661455097,0.3592747199835524,0.46996215783258555
2018,r2,2,elas_asym,0.4517233097342125,0.6367613993134285,0.7959774848811626
2018,s1,1,elas,2.4561327269850624e-4,0.01543242061894079,0.11819296321280343
2018,s1,1,elas_asym,0.001141688359425541,0.029709455167975705,0.21529825877124115
2018,s2,2,elas,0.030717260361954612,0.13097361346888037,0.2659557264508551
2018,s2,2,elas_asym,0.018674221839928017,0.12019405263656324,0.2840970991213101
2018,s3,3,elas,0.7301927154870935,0.8553823034214556,0.9516977633868704
2018,s3,3,elas_asym,0.47071738745127434,0.6545774421837871,0.817586649671431
2018,s4,4,elas,0.30200914938189527,0.46853421203222156,0.6481422009397071
2018,s4,4,elas_asym,0.1877390124087578,0.37774403280950053,0.6140388624182425
