var,lo,mi,hi,model,name,st,time,date,kappa
"x[1,1]",0.19231742595722753,0.5676684327890364,1.0661071764899892,fit_full,x,1,1,1991-06-20,2
"x[1,2]",0.3756218150460968,0.8077084560890333,1.2890223219001038,fit_full,x,1,2,1991-08-20,2
"x[1,3]",5.593566128065845,6.1134468997625895,6.617015316882787,fit_full,x,1,3,1992-06-20,2
"x[1,4]",0.45750709681994794,0.8137361045909681,1.1921882524930565,fit_full,x,1,4,1992-08-20,2
"x[1,5]",0.20605725454996326,0.5064567374274901,0.871105496360332,fit_full,x,1,5,1993-06-20,2
"x[1,6]",0.10338067604248108,0.29154882698323403,0.5497588950627551,fit_full,x,1,6,1993-08-20,2
"x[1,7]",0.14847328767377177,0.3604561751582346,0.6512328777412747,fit_full,x,1,7,1994-06-20,2
"x[1,8]",0.14857127886781454,0.34883868492810227,0.60769793247834,fit_full,x,1,8,1994-08-20,2
"x[1,9]",0.31520384816460756,0.6478950235386474,1.0505705943760208,fit_full,x,1,9,1995-06-20,2
"x[1,10]",0.2273452981622927,0.4964030673768373,0.813184858003536,fit_full,x,1,10,1995-08-20,2
"x[1,11]",0.21460405699108304,0.4960637196969903,0.8371214166096888,fit_full,x,1,11,1996-06-20,2
"x[1,12]",0.3393410268140793,0.7193479856685567,1.1303284770800837,fit_full,x,1,12,1996-08-20,2
"x[1,13]",0.26299285102087544,0.5948793159146024,0.9713847783526567,fit_full,x,1,13,1997-06-20,2
"x[1,14]",0.5903640684563842,1.0471167987794294,1.5097399807539418,fit_full,x,1,14,1997-08-20,2
"x[1,15]",0.23127544764217506,0.5790212512149426,0.9897915382872418,fit_full,x,1,15,1998-06-20,2
"x[1,16]",0.09603337358632368,0.30089145850221655,0.6335220518745213,fit_full,x,1,16,1998-08-20,2
"x[1,17]",0.09034380795798154,0.2810853681217307,0.5631487833940537,fit_full,x,1,17,1999-06-20,2
"x[1,18]",0.08290860064849599,0.24105872348892188,0.4776729391806226,fit_full,x,1,18,1999-08-20,2
"x[1,19]",0.07883693068819571,0.23416421504472867,0.4692052428208051,fit_full,x,1,19,2000-06-20,2
"x[1,20]",0.06856863798606352,0.2077413223495931,0.42523424437377083,fit_full,x,1,20,2000-08-20,2
"x[1,21]",0.07073505942684741,0.20352252051693479,0.4376877790353364,fit_full,x,1,21,2001-06-20,2
"x[1,22]",0.1336139824485981,0.34239413179216327,0.6408382706304417,fit_full,x,1,22,2001-08-20,2
"x[1,23]",0.2750270305712388,0.5969011119073762,0.9522759965249885,fit_full,x,1,23,2002-06-20,2
"x[1,24]",0.4263602327781295,0.8423483894158019,1.2569463352361279,fit_full,x,1,24,2002-08-20,2
"x[1,25]",0.310550975257975,0.6870919872208887,1.1149075364330325,fit_full,x,1,25,2003-06-20,2
"x[1,26]",0.1798707936267222,0.47193931720298066,0.8809872240813376,fit_full,x,1,26,2003-08-20,2
"x[1,27]",0.14735847569683602,0.43152205990964876,0.828961444264616,fit_full,x,1,27,2004-06-20,2
"x[1,28]",0.5732038266895224,1.037619523003262,1.49648712901963,fit_full,x,1,28,2004-08-20,2
"x[1,29]",0.123221567248918,0.34925700405332427,0.6627420560524021,fit_full,x,1,29,2005-06-20,2
"x[1,30]",0.266025542091283,0.5867496818351782,0.9651854864007791,fit_full,x,1,30,2005-08-20,2
"x[1,31]",0.10239958053325368,0.2859958815761757,0.5325108724160776,fit_full,x,1,31,2006-06-20,2
"x[1,32]",0.10157144852354215,0.27329824479527914,0.5362361837192288,fit_full,x,1,32,2006-08-20,2
"x[1,33]",0.15223461811555516,0.37063165139498666,0.6575212107646766,fit_full,x,1,33,2007-06-20,2
"x[1,34]",0.5315939306421383,0.9309082789342842,1.3815051643460035,fit_full,x,1,34,2007-08-20,2
"x[1,35]",0.3012800803139609,0.6184408382454408,0.9949821280258192,fit_full,x,1,35,2008-06-20,2
"x[1,36]",0.700907894473006,1.1262184620132456,1.5851285191487086,fit_full,x,1,36,2008-08-20,2
"x[1,37]",0.21653869268903905,0.47636403439443714,0.8082602798627132,fit_full,x,1,37,2009-06-20,2
"x[1,38]",0.13150561809846123,0.35152780435034703,0.6547704164177985,fit_full,x,1,38,2009-08-20,2
"x[1,39]",0.14678789320393615,0.3667918153434212,0.6661129273601422,fit_full,x,1,39,2010-06-20,2
"x[1,40]",0.30249405780055266,0.6252394564322713,1.0109555968181692,fit_full,x,1,40,2010-08-20,2
"x[1,41]",0.7518530638872002,1.2061223268909538,1.7028862278365684,fit_full,x,1,41,2011-06-20,2
"x[1,42]",0.2376085873380394,0.5295611728555136,0.8849088869067676,fit_full,x,1,42,2011-08-20,2
"x[1,43]",0.16429054713967128,0.4183298722605412,0.7413204954741881,fit_full,x,1,43,2012-06-20,2
"x[1,44]",0.12314061183312545,0.3345135772015836,0.6294974757444425,fit_full,x,1,44,2012-08-20,2
"x[1,45]",0.09746336031571375,0.28591455759811757,0.5584397779295529,fit_full,x,1,45,2013-06-20,2
"x[1,46]",0.1362519285867821,0.3321007875779989,0.5941738240261116,fit_full,x,1,46,2013-08-20,2
"x[1,47]",0.2404932902649618,0.5140645703352315,0.8448644522178095,fit_full,x,1,47,2014-06-20,2
"x[1,48]",0.31950621206895363,0.577014856005085,0.8950517371899152,fit_full,x,1,48,2014-08-20,2
"x[1,49]",0.9886598900187025,1.5472683525025324,2.1146465216579586,fit_full,x,1,49,2015-06-20,2
"x[1,50]",0.23489261352007354,0.4409481436276932,0.6971180268057845,fit_full,x,1,50,2015-08-20,2
"x[1,51]",0.15734452387762823,0.36703327886412634,0.6426889744551907,fit_full,x,1,51,2016-06-20,2
"x[1,52]",0.060445362860971866,0.17065042237840666,0.34616490942468914,fit_full,x,1,52,2016-08-20,2
"x[1,53]",0.04792384660833467,0.1551788680441441,0.36073965398077834,fit_full,x,1,53,2017-06-20,2
"x[1,54]",0.043618477629983936,0.13655055382763753,0.3143834386525663,fit_full,x,1,54,2017-08-20,2
"x[1,55]",0.050908952488582904,0.17576358894001365,0.41864358193800777,fit_full,x,1,55,2018-06-20,2
"x[1,56]",0.10323186923220244,0.28577833879013526,0.578734459111236,fit_full,x,1,56,2018-08-20,2
"x[1,57]",0.16935573199210383,0.46602064787310105,0.8610467050504613,fit_full,x,1,57,2019-06-20,2
"x[1,58]",0.14696357791176234,0.4164009989211755,0.7702121499553871,fit_full,x,1,58,2019-08-20,2
"x[1,59]",0.169551488320363,0.47932019810358933,0.8670897602358165,fit_full,x,1,59,2020-06-20,2
"x[1,60]",0.5218192189319536,0.9702031390347545,1.4403416606475097,fit_full,x,1,60,2020-08-20,2
"x[2,1]",0.08835000337571093,0.20841541698008428,0.40433913329708504,fit_full,x,2,1,1991-06-20,2
"x[2,2]",0.9977512596042094,1.2259710540744255,1.4597460364946382,fit_full,x,2,2,1991-08-20,2
"x[2,3]",0.18514389907957227,0.4545759999000982,0.8167752081937895,fit_full,x,2,3,1992-06-20,2
"x[2,4]",0.18624402257894454,0.49523189999186856,0.88760861180385,fit_full,x,2,4,1992-08-20,2
"x[2,5]",0.0968295448107388,0.2495143604748636,0.4614735262451486,fit_full,x,2,5,1993-06-20,2
"x[2,6]",0.09817642935124794,0.20087265350812528,0.3428135381995788,fit_full,x,2,6,1993-08-20,2
"x[2,7]",0.09097706412641643,0.177223512373338,0.2964485016336368,fit_full,x,2,7,1994-06-20,2
"x[2,8]",0.15171584807519492,0.25800258375346885,0.4018031801795833,fit_full,x,2,8,1994-08-20,2
"x[2,9]",0.15172261806160717,0.26714081398344997,0.41250664875678544,fit_full,x,2,9,1995-06-20,2
"x[2,10]",0.21081678565918985,0.3766403855218122,0.5917850166454222,fit_full,x,2,10,1995-08-20,2
"x[2,11]",0.30746157260820034,0.51020489452217,0.7306733597822535,fit_full,x,2,11,1996-06-20,2
"x[2,12]",0.4397750153957501,0.6766033479840563,0.9359661796812754,fit_full,x,2,12,1996-08-20,2
"x[2,13]",1.1271178540276527,1.4776696315010143,1.8458574570891941,fit_full,x,2,13,1997-06-20,2
"x[2,14]",1.1032828258857794,1.506031778713547,1.9421027573175382,fit_full,x,2,14,1997-08-20,2
"x[2,15]",0.7155669799868862,1.0275585792021258,1.3701373850785297,fit_full,x,2,15,1998-06-20,2
"x[2,16]",0.3081737165957129,0.494445323162993,0.7304414787514497,fit_full,x,2,16,1998-08-20,2
"x[2,17]",0.1576216031800124,0.276932735653301,0.44402350716923145,fit_full,x,2,17,1999-06-20,2
"x[2,18]",0.11541596784955116,0.2193629250827378,0.36670999087123746,fit_full,x,2,18,1999-08-20,2
"x[2,19]",0.09079407196769168,0.18435597042966653,0.30862100950903254,fit_full,x,2,19,2000-06-20,2
"x[2,20]",0.08767099544566664,0.18845888283899542,0.32053022472183673,fit_full,x,2,20,2000-08-20,2
"x[2,21]",0.139115608081848,0.26449065856773074,0.4199977872060547,fit_full,x,2,21,2001-06-20,2
"x[2,22]",0.25339876758983176,0.4243837743998854,0.6317535682201563,fit_full,x,2,22,2001-08-20,2
"x[2,23]",0.3867173743627003,0.5949030934174627,0.8251804478195855,fit_full,x,2,23,2002-06-20,2
"x[2,24]",0.6107014918538765,0.9303072497667371,1.2465390806258052,fit_full,x,2,24,2002-08-20,2
"x[2,25]",2.2333449829622296,2.6181495714586727,3.0058661470083727,fit_full,x,2,25,2003-06-20,2
"x[2,26]",3.0208037354414365,3.4907983137457785,3.9560693690179862,fit_full,x,2,26,2003-08-20,2
"x[2,27]",1.3501448381895136,1.7131425796568167,2.0922770685267498,fit_full,x,2,27,2004-06-20,2
"x[2,28]",0.3996021897415416,0.7065398716336435,1.0401408612075629,fit_full,x,2,28,2004-08-20,2
"x[2,29]",0.3163133311744012,0.5273739940744611,0.7876122789996041,fit_full,x,2,29,2005-06-20,2
"x[2,30]",0.12230543203828717,0.24048244983436676,0.40422557900672773,fit_full,x,2,30,2005-08-20,2
"x[2,31]",0.0888809464220828,0.18986136501025716,0.32234061925822743,fit_full,x,2,31,2006-06-20,2
"x[2,32]",0.08619174016280969,0.17534526752806728,0.2939841767296994,fit_full,x,2,32,2006-08-20,2
"x[2,33]",0.18623009437135837,0.30231949472694475,0.4495873040764138,fit_full,x,2,33,2007-06-20,2
"x[2,34]",0.10864771825987643,0.22596793371916618,0.3867518407166866,fit_full,x,2,34,2007-08-20,2
"x[2,35]",0.2251495063279648,0.35773954249499795,0.5277449345840199,fit_full,x,2,35,2008-06-20,2
"x[2,36]",0.096087268135455,0.2146049820690134,0.38122810789898004,fit_full,x,2,36,2008-08-20,2
"x[2,37]",0.06868624171509122,0.17280158614001556,0.3405360832749962,fit_full,x,2,37,2009-06-20,2
"x[2,38]",0.07454286812224044,0.18262878475058517,0.3401228578572331,fit_full,x,2,38,2009-08-20,2
"x[2,39]",0.12252408114374441,0.24769691772964092,0.4199110754732419,fit_full,x,2,39,2010-06-20,2
"x[2,40]",0.24075434331543324,0.38768876615881664,0.5799178137366297,fit_full,x,2,40,2010-08-20,2
"x[2,41]",0.11614007784622166,0.28465394634155017,0.5527956171710345,fit_full,x,2,41,2011-06-20,2
"x[2,42]",0.09800011976843627,0.2348283088611641,0.4310646076546877,fit_full,x,2,42,2011-08-20,2
"x[2,43]",0.06775321656206701,0.1600829177049883,0.2987584748128208,fit_full,x,2,43,2012-06-20,2
"x[2,44]",0.057548699076280484,0.14326454701857055,0.2726293290945928,fit_full,x,2,44,2012-08-20,2
"x[2,45]",0.06330916843967603,0.13456582242649273,0.2463791481564984,fit_full,x,2,45,2013-06-20,2
"x[2,46]",0.0966792479542292,0.19237926448801468,0.33483537995372425,fit_full,x,2,46,2013-08-20,2
"x[2,47]",0.09578218763665153,0.17693770779571166,0.305355495230344,fit_full,x,2,47,2014-06-20,2
"x[2,48]",0.24331139725696932,0.3772856260536932,0.5433748100439161,fit_full,x,2,48,2014-08-20,2
"x[2,49]",0.08647210648559975,0.16397602342357645,0.2850330260255915,fit_full,x,2,49,2015-06-20,2
"x[2,50]",0.09119525686721083,0.1846972231361563,0.34629090667508156,fit_full,x,2,50,2015-08-20,2
"x[2,51]",0.04131603520174626,0.0948840554632468,0.1873735545240789,fit_full,x,2,51,2016-06-20,2
"x[2,52]",0.04058360899160178,0.09508491544897238,0.1774988016682967,fit_full,x,2,52,2016-08-20,2
"x[2,53]",0.03858470528531065,0.09395585753212873,0.18078527011956894,fit_full,x,2,53,2017-06-20,2
"x[2,54]",0.050636109564758,0.13913261906618246,0.2658763364371062,fit_full,x,2,54,2017-08-20,2
"x[2,55]",0.11340423062875869,0.23475904281248922,0.38448379473483,fit_full,x,2,55,2018-06-20,2
"x[2,56]",0.33540731433379983,0.5986465721426661,0.883829740420425,fit_full,x,2,56,2018-08-20,2
"x[2,57]",0.45734226797813204,0.7730623537041742,1.1128365521612742,fit_full,x,2,57,2019-06-20,2
"x[2,58]",0.5680031327036352,0.9903019862285547,1.5087095532852026,fit_full,x,2,58,2019-08-20,2
"x[2,59]",0.47034899674366637,0.7383606850722697,1.05806480296329,fit_full,x,2,59,2020-06-20,2
"x[2,60]",0.32271440044382915,0.5698773013094008,0.8513783208686296,fit_full,x,2,60,2020-08-20,2
"x[3,1]",2.5169265269488363,3.143728380611722,3.7315946664949875,fit_full,x,3,1,1991-06-20,1
"x[3,2]",1.952542816096541,2.6038471839915207,3.2295806029602847,fit_full,x,3,2,1991-08-20,1
"x[3,3]",2.6490838948681796,3.2850890164792412,3.92863378961135,fit_full,x,3,3,1992-06-20,1
"x[3,4]",0.9243854186823732,1.4520273462441216,1.994996413258019,fit_full,x,3,4,1992-08-20,1
"x[3,5]",0.34887861588342917,0.7871781653049169,1.2797961675265515,fit_full,x,3,5,1993-06-20,1
"x[3,6]",0.23980474951537448,0.5726631101599003,0.9946782099733795,fit_full,x,3,6,1993-08-20,1
"x[3,7]",0.454738807202587,0.8391434009898842,1.2695840993506868,fit_full,x,3,7,1994-06-20,1
"x[3,8]",0.47542727191930934,0.8321850652198303,1.258106761985522,fit_full,x,3,8,1994-08-20,1
"x[3,9]",0.7443847855429941,1.183533605184267,1.6719333506683332,fit_full,x,3,9,1995-06-20,1
"x[3,10]",0.80577726205666,1.261756322267921,1.716998484852673,fit_full,x,3,10,1995-08-20,1
"x[3,11]",0.8429863402872948,1.3053208006831318,1.793157749522173,fit_full,x,3,11,1996-06-20,1
"x[3,12]",2.8461203661698518,3.4325735886031175,4.045045505584987,fit_full,x,3,12,1996-08-20,1
"x[3,13]",1.2145974963084416,1.7708593041596044,2.3511189021700374,fit_full,x,3,13,1997-06-20,1
"x[3,14]",1.4595318451132189,2.0652685751243416,2.695291512224129,fit_full,x,3,14,1997-08-20,1
"x[3,15]",0.2954688190751181,0.7232904507342701,1.2472756504455493,fit_full,x,3,15,1998-06-20,1
"x[3,16]",0.3283658178154013,0.7629136295359902,1.2800098894190761,fit_full,x,3,16,1998-08-20,1
"x[3,17]",0.49731272532587745,0.9567953177374948,1.4976926278056144,fit_full,x,3,17,1999-06-20,1
"x[3,18]",0.39575972920458163,0.7639759399539856,1.187685130333004,fit_full,x,3,18,1999-08-20,1
"x[3,19]",0.6165376470264774,1.0036920329173258,1.425020040804501,fit_full,x,3,19,2000-06-20,1
"x[3,20]",1.2035332204751943,1.6630719906201579,2.1928391455852507,fit_full,x,3,20,2000-08-20,1
"x[3,21]",1.9558697173005721,2.506426435570066,3.068103871920715,fit_full,x,3,21,2001-06-20,1
"x[3,22]",1.749981419360597,2.2696691654238963,2.792306988905816,fit_full,x,3,22,2001-08-20,1
"x[3,23]",2.2724368154020165,2.835221472661896,3.392404474889057,fit_full,x,3,23,2002-06-20,1
"x[3,24]",4.18518833354693,4.782629935662008,5.383535955001016,fit_full,x,3,24,2002-08-20,1
"x[3,25]",1.748376330127142,2.3942551187443044,3.0329899374933507,fit_full,x,3,25,2003-06-20,1
"x[3,26]",0.49107250204057956,1.0184579391945816,1.6318348815869412,fit_full,x,3,26,2003-08-20,1
"x[3,27]",0.5639333029598916,1.1359737959281757,1.7349117247593053,fit_full,x,3,27,2004-06-20,1
"x[3,28]",0.4938878330078945,1.055111447233439,1.6466120678684022,fit_full,x,3,28,2004-08-20,1
"x[3,29]",0.16850953175639283,0.4932357278674145,0.9737963539370349,fit_full,x,3,29,2005-06-20,1
"x[3,30]",0.4282652806840892,0.9067790951404475,1.439648410869533,fit_full,x,3,30,2005-08-20,1
"x[3,31]",0.6428790217222533,1.1018114438444317,1.5753348546397958,fit_full,x,3,31,2006-06-20,1
"x[3,32]",1.5963574897421178,2.096228443374939,2.634203893295218,fit_full,x,3,32,2006-08-20,1
"x[3,33]",1.6341101190581495,2.14985127168499,2.6721541210527464,fit_full,x,3,33,2007-06-20,1
"x[3,34]",1.8264351669782841,2.386574120830158,2.947560600861628,fit_full,x,3,34,2007-08-20,1
"x[3,35]",1.8896398650384967,2.506792396526966,3.132861701405037,fit_full,x,3,35,2008-06-20,1
"x[3,36]",1.752014753823103,2.351506886998043,2.9447222182017594,fit_full,x,3,36,2008-08-20,1
"x[3,37]",2.0255224218036454,2.6244372322232046,3.216677861750778,fit_full,x,3,37,2009-06-20,1
"x[3,38]",1.8799942198278576,2.4345819077303323,3.0001162236830026,fit_full,x,3,38,2009-08-20,1
"x[3,39]",1.8554540310823744,2.3870798418613157,2.9353156965952962,fit_full,x,3,39,2010-06-20,1
"x[3,40]",2.476624957703464,3.0650071224944515,3.62019985427025,fit_full,x,3,40,2010-08-20,1
"x[3,41]",2.1848741665494655,2.801212329391579,3.447917273266204,fit_full,x,3,41,2011-06-20,1
"x[3,42]",0.9027825439089296,1.4681742670582147,2.0522575021597125,fit_full,x,3,42,2011-08-20,1
"x[3,43]",1.1879701155020213,1.7211492778822857,2.2675897889817858,fit_full,x,3,43,2012-06-20,1
"x[3,44]",1.2605346493199823,1.7945633245040744,2.3357429605170785,fit_full,x,3,44,2012-08-20,1
"x[3,45]",2.7960559343493046,3.4197113631109066,4.067733466648224,fit_full,x,3,45,2013-06-20,1
"x[3,46]",1.1862011638860976,1.6593032931073814,2.153523824970384,fit_full,x,3,46,2013-08-20,1
"x[3,47]",1.5611489743246891,2.0452117730618653,2.5037801149122623,fit_full,x,3,47,2014-06-20,1
"x[3,48]",1.1605578859811114,1.6340351798631894,2.154162250518342,fit_full,x,3,48,2014-08-20,1
"x[3,49]",3.2299996216612956,3.9206419390240734,4.626934816853974,fit_full,x,3,49,2015-06-20,1
"x[3,50]",0.532504369966197,0.9102537760062439,1.309861943810838,fit_full,x,3,50,2015-08-20,1
"x[3,51]",0.4762446614773692,0.8591165170841473,1.2568363247865648,fit_full,x,3,51,2016-06-20,1
"x[3,52]",0.49589089641402284,0.7921211828000378,1.166452184767859,fit_full,x,3,52,2016-08-20,1
"x[3,53]",0.9539972763140713,1.2768266029547894,1.626002358642014,fit_full,x,3,53,2017-06-20,1
"x[3,54]",1.264119895453778,1.7003608066932094,2.176291730827438,fit_full,x,3,54,2017-08-20,1
"x[3,55]",3.948302336581216,4.579010698520671,5.215551426932134,fit_full,x,3,55,2018-06-20,1
"x[3,56]",2.096106489564461,2.6403128866541374,3.2034442809876515,fit_full,x,3,56,2018-08-20,1
"x[3,57]",0.7423484948293683,1.3555976074343112,1.9546157273227633,fit_full,x,3,57,2019-06-20,1
"x[3,58]",1.0432910206007375,1.6640024914223865,2.251851050367092,fit_full,x,3,58,2019-08-20,1
"x[3,59]",1.5357284795431256,2.1366729776600573,2.743043684095428,fit_full,x,3,59,2020-06-20,1
"x[3,60]",2.134467360397746,2.7561476267805034,3.3871938089206464,fit_full,x,3,60,2020-08-20,1
"x[4,1]",0.8635950841153114,1.298713181706127,1.817043272225444,fit_full,x,4,1,1991-06-20,1
"x[4,2]",1.0349232969190232,1.3501626932872401,1.7091311656583954,fit_full,x,4,2,1991-08-20,1
"x[4,3]",0.7253696373953249,1.120388205750792,1.582965222964154,fit_full,x,4,3,1992-06-20,1
"x[4,4]",0.6933029305389317,1.0911743499203277,1.5236536985448552,fit_full,x,4,4,1992-08-20,1
"x[4,5]",0.42331547952140147,0.7282297318357719,1.1308932468469244,fit_full,x,4,5,1993-06-20,1
"x[4,6]",0.3305057252254957,0.5439431665839409,0.8382858813093715,fit_full,x,4,6,1993-08-20,1
"x[4,7]",0.2572253203634619,0.4142784929309359,0.6324188907067207,fit_full,x,4,7,1994-06-20,1
"x[4,8]",0.3168052405684751,0.48737332553638346,0.6999167780200088,fit_full,x,4,8,1994-08-20,1
"x[4,9]",0.35545308089857075,0.5354131249590575,0.7547017067907245,fit_full,x,4,9,1995-06-20,1
"x[4,10]",0.4900250521863812,0.7573533586416666,1.105814661587364,fit_full,x,4,10,1995-08-20,1
"x[4,11]",1.0269154460749015,1.3244014160728237,1.6841282101622888,fit_full,x,4,11,1996-06-20,1
"x[4,12]",1.0396104917604572,1.446540521123325,1.9224500302107956,fit_full,x,4,12,1996-08-20,1
"x[4,13]",1.658375309088779,2.138908132565871,2.6408127046762995,fit_full,x,4,13,1997-06-20,1
"x[4,14]",0.9977693690953555,1.46893033043828,1.9527131815039418,fit_full,x,4,14,1997-08-20,1
"x[4,15]",0.8046352391091081,1.2048135958353394,1.634981135573296,fit_full,x,4,15,1998-06-20,1
"x[4,16]",0.5390244845884874,0.8354318411070301,1.189414952070179,fit_full,x,4,16,1998-08-20,1
"x[4,17]",0.3707396028824921,0.5946803914845464,0.8985241442828736,fit_full,x,4,17,1999-06-20,1
"x[4,18]",0.36024825841708175,0.5556287082077955,0.8186418554024105,fit_full,x,4,18,1999-08-20,1
"x[4,19]",0.44355528166984554,0.6247578313325945,0.8649088298818578,fit_full,x,4,19,2000-06-20,1
"x[4,20]",0.6376663911767049,0.8527938135657446,1.1130805422057755,fit_full,x,4,20,2000-08-20,1
"x[4,21]",0.7910852646504085,1.070639391991639,1.407748903114044,fit_full,x,4,21,2001-06-20,1
"x[4,22]",1.2244813002120705,1.6038993883048556,2.0241188187216217,fit_full,x,4,22,2001-08-20,1
"x[4,23]",2.035231284361371,2.454517125215519,2.900791737344313,fit_full,x,4,23,2002-06-20,1
"x[4,24]",3.42870671192392,3.987546202882745,4.561422409950815,fit_full,x,4,24,2002-08-20,1
"x[4,25]",4.8168445113559555,5.36250363210519,5.913037574640046,fit_full,x,4,25,2003-06-20,1
"x[4,26]",4.483793319301314,5.070171288833414,5.670889772147356,fit_full,x,4,26,2003-08-20,1
"x[4,27]",3.531564836579719,4.058453769361067,4.623723960550958,fit_full,x,4,27,2004-06-20,1
"x[4,28]",3.0036545583875305,3.6107013692322836,4.2261965261241485,fit_full,x,4,28,2004-08-20,1
"x[4,29]",1.6363529055899642,2.0843152396234563,2.5736562755560346,fit_full,x,4,29,2005-06-20,1
"x[4,30]",0.7110354464028972,0.9994208722116751,1.3210644665975688,fit_full,x,4,30,2005-08-20,1
"x[4,31]",0.7250249142915905,0.9807811360032638,1.2877249703855154,fit_full,x,4,31,2006-06-20,1
"x[4,32]",0.682043979262743,0.9137074102706069,1.193935358543475,fit_full,x,4,32,2006-08-20,1
"x[4,33]",1.0228739940575475,1.325461388160869,1.6810129265662348,fit_full,x,4,33,2007-06-20,1
"x[4,34]",1.741516789356067,2.266162105002044,2.816314473641374,fit_full,x,4,34,2007-08-20,1
"x[4,35]",1.9330653002496674,2.4159444124996226,2.9307307070034763,fit_full,x,4,35,2008-06-20,1
"x[4,36]",1.497044393769662,1.887704095295109,2.337094862007643,fit_full,x,4,36,2008-08-20,1
"x[4,37]",1.4887815468813481,1.9575656622533735,2.4666011717721745,fit_full,x,4,37,2009-06-20,1
"x[4,38]",1.2437220888426843,1.6170076396558546,2.0385779071494463,fit_full,x,4,38,2009-08-20,1
"x[4,39]",1.5604002164431139,1.9738407237893063,2.442412027950907,fit_full,x,4,39,2010-06-20,1
"x[4,40]",1.6218946155953344,2.0313209593247956,2.4674394595170255,fit_full,x,4,40,2010-08-20,1
"x[4,41]",2.0956467343784304,2.6777777470062656,3.2961876403805963,fit_full,x,4,41,2011-06-20,1
"x[4,42]",1.1534673107699462,1.524747515748082,1.9405812065374701,fit_full,x,4,42,2011-08-20,1
"x[4,43]",0.700987605841105,1.012349207392826,1.4020587808939906,fit_full,x,4,43,2012-06-20,1
"x[4,44]",0.7820494406626727,1.0228577730202162,1.3208060530316028,fit_full,x,4,44,2012-08-20,1
"x[4,45]",0.42254717304251443,0.6222269315380775,0.9053813125287203,fit_full,x,4,45,2013-06-20,1
"x[4,46]",0.5047060207616689,0.7474221141175907,1.0940138754011737,fit_full,x,4,46,2013-08-20,1
"x[4,47]",0.3495432520957853,0.5529480348530997,0.8405300724880553,fit_full,x,4,47,2014-06-20,1
"x[4,48]",0.7742287841382919,1.0150631126758896,1.2894604415855104,fit_full,x,4,48,2014-08-20,1
"x[4,49]",0.25050145266675644,0.4444682168265606,0.7237863271384374,fit_full,x,4,49,2015-06-20,1
"x[4,50]",0.2849076906700891,0.5273465074233701,0.8772590113637887,fit_full,x,4,50,2015-08-20,1
"x[4,51]",0.18486352521070568,0.3206514014695873,0.5344460581743493,fit_full,x,4,51,2016-06-20,1
"x[4,52]",0.2705537799836323,0.39195878946726775,0.5598715096809911,fit_full,x,4,52,2016-08-20,1
"x[4,53]",0.32916321139016075,0.48352517520405447,0.6858361163142738,fit_full,x,4,53,2017-06-20,1
"x[4,54]",0.8830056755196238,1.0867677060105179,1.3286993848636026,fit_full,x,4,54,2017-08-20,1
"x[4,55]",0.932789712510991,1.2288409248896675,1.5873194273453517,fit_full,x,4,55,2018-06-20,1
"x[4,56]",2.113525703200663,2.640284066789799,3.1686024094430483,fit_full,x,4,56,2018-08-20,1
"x[4,57]",2.2771266699524935,2.798909120539286,3.3325973627846155,fit_full,x,4,57,2019-06-20,1
"x[4,58]",1.4937750881989422,1.9518006506299372,2.416418928250122,fit_full,x,4,58,2019-08-20,1
"x[4,59]",1.5611548486943394,2.012263460313374,2.48669347346765,fit_full,x,4,59,2020-06-20,1
"x[4,60]",1.350576507573536,1.8420114744881648,2.372664013419418,fit_full,x,4,60,2020-08-20,1
"x[1,1]",0.19391057568666847,0.5744541008799486,1.067312512702315,fit_no_juv_move,x,1,1,1991-06-20,2
"x[1,2]",0.3644235993408065,0.8081098714618702,1.28509318622146,fit_no_juv_move,x,1,2,1991-08-20,2
"x[1,3]",5.593889484181445,6.112074144283222,6.631829231386822,fit_no_juv_move,x,1,3,1992-06-20,2
"x[1,4]",0.47016371582974215,0.8155152073639559,1.1847518676198678,fit_no_juv_move,x,1,4,1992-08-20,2
"x[1,5]",0.21847623419105985,0.5252746954504186,0.8845499672435113,fit_no_juv_move,x,1,5,1993-06-20,2
"x[1,6]",0.1150871930593395,0.2935269489415847,0.5417403364575722,fit_no_juv_move,x,1,6,1993-08-20,2
"x[1,7]",0.14811415192275676,0.36805731883360915,0.6505575704832929,fit_no_juv_move,x,1,7,1994-06-20,2
"x[1,8]",0.15205979155253374,0.34953476345768086,0.6005521153230398,fit_no_juv_move,x,1,8,1994-08-20,2
"x[1,9]",0.3258275211230343,0.6561887770049688,1.0705967704143247,fit_no_juv_move,x,1,9,1995-06-20,2
"x[1,10]",0.2420275634019176,0.5189405538383156,0.8296080642454601,fit_no_juv_move,x,1,10,1995-08-20,2
"x[1,11]",0.23236941163101094,0.5153725297393121,0.841905715400842,fit_no_juv_move,x,1,11,1996-06-20,2
"x[1,12]",0.3523157020954649,0.7239562231315156,1.140398728563947,fit_no_juv_move,x,1,12,1996-08-20,2
"x[1,13]",0.2644971952467503,0.5937508316642243,0.9714385843483646,fit_no_juv_move,x,1,13,1997-06-20,2
"x[1,14]",0.5768221747810899,1.0335452548051807,1.5126836217931077,fit_no_juv_move,x,1,14,1997-08-20,2
"x[1,15]",0.22666191000091118,0.5654868598808394,0.9877641495473655,fit_no_juv_move,x,1,15,1998-06-20,2
"x[1,16]",0.09583662049463888,0.30120954878115275,0.6257409161531127,fit_no_juv_move,x,1,16,1998-08-20,2
"x[1,17]",0.09161352764793317,0.27596441621623435,0.5548109356595531,fit_no_juv_move,x,1,17,1999-06-20,2
"x[1,18]",0.08288824616081489,0.24012039360462922,0.4691109048727785,fit_no_juv_move,x,1,18,1999-08-20,2
"x[1,19]",0.07865227644266166,0.2320361972887175,0.4690837582344654,fit_no_juv_move,x,1,19,2000-06-20,2
"x[1,20]",0.06468122927128539,0.20200672842562545,0.431678489496218,fit_no_juv_move,x,1,20,2000-08-20,2
"x[1,21]",0.06596833874424005,0.20628263286312248,0.4369042299567107,fit_no_juv_move,x,1,21,2001-06-20,2
"x[1,22]",0.13516711854818272,0.35010520940884393,0.6363755811741629,fit_no_juv_move,x,1,22,2001-08-20,2
"x[1,23]",0.2925381964122243,0.6071608067354737,0.9640228452114543,fit_no_juv_move,x,1,23,2002-06-20,2
"x[1,24]",0.45637994426528344,0.8602802435667285,1.2719445136943368,fit_no_juv_move,x,1,24,2002-08-20,2
"x[1,25]",0.31044936269960643,0.6869406384203434,1.1047029460674036,fit_no_juv_move,x,1,25,2003-06-20,2
"x[1,26]",0.17286582461213934,0.47828024021347204,0.8799315549848516,fit_no_juv_move,x,1,26,2003-08-20,2
"x[1,27]",0.143744578423452,0.4308136099394919,0.8318025398185797,fit_no_juv_move,x,1,27,2004-06-20,2
"x[1,28]",0.5713335008017126,1.0129315023009613,1.4911293007742221,fit_no_juv_move,x,1,28,2004-08-20,2
"x[1,29]",0.11966404291063137,0.34024396196159956,0.6730403661667629,fit_no_juv_move,x,1,29,2005-06-20,2
"x[1,30]",0.24914782905110366,0.5700218447554317,0.9567078629184992,fit_no_juv_move,x,1,30,2005-08-20,2
"x[1,31]",0.10943502399478688,0.2839002560182644,0.5413126408180825,fit_no_juv_move,x,1,31,2006-06-20,2
"x[1,32]",0.09931717479321633,0.27810054519869293,0.5307216637940505,fit_no_juv_move,x,1,32,2006-08-20,2
"x[1,33]",0.15659376031903888,0.37941697984792133,0.6615326479806958,fit_no_juv_move,x,1,33,2007-06-20,2
"x[1,34]",0.5253963248820103,0.937588366858924,1.3858276988884028,fit_no_juv_move,x,1,34,2007-08-20,2
"x[1,35]",0.30218834718372506,0.6228077244084842,0.9980739368718039,fit_no_juv_move,x,1,35,2008-06-20,2
"x[1,36]",0.6895431107068832,1.1308561776177197,1.5866472798125069,fit_no_juv_move,x,1,36,2008-08-20,2
"x[1,37]",0.2094623201517137,0.47447782613249634,0.796539290391465,fit_no_juv_move,x,1,37,2009-06-20,2
"x[1,38]",0.13382849738435632,0.3560883207247588,0.6730568638146092,fit_no_juv_move,x,1,38,2009-08-20,2
"x[1,39]",0.1428530738466621,0.3693460293784663,0.6745484999531269,fit_no_juv_move,x,1,39,2010-06-20,2
"x[1,40]",0.310196139943689,0.637027685312703,1.023511418113522,fit_no_juv_move,x,1,40,2010-08-20,2
"x[1,41]",0.7257579702912411,1.1962014436150663,1.7097449059310361,fit_no_juv_move,x,1,41,2011-06-20,2
"x[1,42]",0.23519780213530184,0.5324301458504561,0.8871381605632794,fit_no_juv_move,x,1,42,2011-08-20,2
"x[1,43]",0.17016650116743542,0.4257262102948671,0.7324931273652427,fit_no_juv_move,x,1,43,2012-06-20,2
"x[1,44]",0.11882959542627808,0.3286181495081768,0.6245475210850848,fit_no_juv_move,x,1,44,2012-08-20,2
"x[1,45]",0.10052482996522587,0.29611183380123896,0.5701083050537525,fit_no_juv_move,x,1,45,2013-06-20,2
"x[1,46]",0.13700849315639826,0.33467782140316693,0.5977377981587095,fit_no_juv_move,x,1,46,2013-08-20,2
"x[1,47]",0.24005758552758233,0.5135495215744477,0.8512175614833393,fit_no_juv_move,x,1,47,2014-06-20,2
"x[1,48]",0.3088537761177253,0.5646553917574433,0.8790333939027773,fit_no_juv_move,x,1,48,2014-08-20,2
"x[1,49]",0.9338934151282179,1.5199654236559867,2.0801171478096703,fit_no_juv_move,x,1,49,2015-06-20,2
"x[1,50]",0.23032971605831756,0.4360609099251156,0.6967001727112312,fit_no_juv_move,x,1,50,2015-08-20,2
"x[1,51]",0.155976498518476,0.36155630846547815,0.6317904944418854,fit_no_juv_move,x,1,51,2016-06-20,2
"x[1,52]",0.05831940835070146,0.17286663216567658,0.34589967344803646,fit_no_juv_move,x,1,52,2016-08-20,2
"x[1,53]",0.047902977809236365,0.16291976102243708,0.36573206550980897,fit_no_juv_move,x,1,53,2017-06-20,2
"x[1,54]",0.039649178736168855,0.1379178322204842,0.3184918236517696,fit_no_juv_move,x,1,54,2017-08-20,2
"x[1,55]",0.04703634605864656,0.18386617338676586,0.43366696564488216,fit_no_juv_move,x,1,55,2018-06-20,2
"x[1,56]",0.08577720836162989,0.2767802629433952,0.5747402389460413,fit_no_juv_move,x,1,56,2018-08-20,2
"x[1,57]",0.16300602578153234,0.46481025337705584,0.8550064100078931,fit_no_juv_move,x,1,57,2019-06-20,2
"x[1,58]",0.14715599630262127,0.41862798540737534,0.7788136898294427,fit_no_juv_move,x,1,58,2019-08-20,2
"x[1,59]",0.1793715502333938,0.4751514957426759,0.8364792513242901,fit_no_juv_move,x,1,59,2020-06-20,2
"x[1,60]",0.5227424815624685,0.9587049716518574,1.4182945778943439,fit_no_juv_move,x,1,60,2020-08-20,2
"x[2,1]",0.08706541762934361,0.20345290407651445,0.40013527159839757,fit_no_juv_move,x,2,1,1991-06-20,2
"x[2,2]",0.9930457469872641,1.2172561059736249,1.4590318973413592,fit_no_juv_move,x,2,2,1991-08-20,2
"x[2,3]",0.1778563394211939,0.42374608754495935,0.776830051384342,fit_no_juv_move,x,2,3,1992-06-20,2
"x[2,4]",0.17810181977268574,0.4718525724611097,0.8704134950134076,fit_no_juv_move,x,2,4,1992-08-20,2
"x[2,5]",0.09153776820937615,0.2366021756477082,0.45208046765627713,fit_no_juv_move,x,2,5,1993-06-20,2
"x[2,6]",0.0961209534239127,0.19621666517536032,0.3409553850236855,fit_no_juv_move,x,2,6,1993-08-20,2
"x[2,7]",0.08989677235569503,0.17200291233851825,0.29735455169981445,fit_no_juv_move,x,2,7,1994-06-20,2
"x[2,8]",0.1472851799177626,0.260325307085836,0.41270941134837386,fit_no_juv_move,x,2,8,1994-08-20,2
"x[2,9]",0.15382365080956684,0.26685631816373623,0.41738667250300104,fit_no_juv_move,x,2,9,1995-06-20,2
"x[2,10]",0.21481773846863184,0.38160868548480886,0.6047341863874636,fit_no_juv_move,x,2,10,1995-08-20,2
"x[2,11]",0.3179542975685153,0.5090574707838775,0.7376070990950185,fit_no_juv_move,x,2,11,1996-06-20,2
"x[2,12]",0.44735355822178174,0.6753079773048526,0.9385110331297464,fit_no_juv_move,x,2,12,1996-08-20,2
"x[2,13]",1.1299971802704123,1.4803000873767496,1.8583799177315248,fit_no_juv_move,x,2,13,1997-06-20,2
"x[2,14]",1.1140569550601653,1.5118092141464006,1.9564930859684793,fit_no_juv_move,x,2,14,1997-08-20,2
"x[2,15]",0.715724208343992,1.029413704199986,1.3788837729549108,fit_no_juv_move,x,2,15,1998-06-20,2
"x[2,16]",0.30827497973260687,0.4941904608727118,0.7248777815641629,fit_no_juv_move,x,2,16,1998-08-20,2
"x[2,17]",0.1570400704732676,0.27698526573603843,0.43791765266891725,fit_no_juv_move,x,2,17,1999-06-20,2
"x[2,18]",0.11702751125867404,0.22084653980466729,0.3566376499092058,fit_no_juv_move,x,2,18,1999-08-20,2
"x[2,19]",0.09019719487892061,0.18398981043883103,0.3102140153933981,fit_no_juv_move,x,2,19,2000-06-20,2
"x[2,20]",0.08690128992783436,0.18915510910803898,0.32383379874809565,fit_no_juv_move,x,2,20,2000-08-20,2
"x[2,21]",0.14238677575696232,0.2670712867892796,0.4229314751937618,fit_no_juv_move,x,2,21,2001-06-20,2
"x[2,22]",0.2597739406271513,0.4311686330240537,0.6371428153466345,fit_no_juv_move,x,2,22,2001-08-20,2
"x[2,23]",0.395187885166367,0.5986201086356895,0.8322389189066774,fit_no_juv_move,x,2,23,2002-06-20,2
"x[2,24]",0.6175220145453744,0.9388422808739172,1.2642508835792037,fit_no_juv_move,x,2,24,2002-08-20,2
"x[2,25]",2.2444462137452303,2.6213170205974357,3.0072304412422635,fit_no_juv_move,x,2,25,2003-06-20,2
"x[2,26]",3.0458329739601258,3.50320940546817,3.9649041409245496,fit_no_juv_move,x,2,26,2003-08-20,2
"x[2,27]",1.3497825581066483,1.7140478349355526,2.088862526764594,fit_no_juv_move,x,2,27,2004-06-20,2
"x[2,28]",0.40682274096549426,0.7094736008251228,1.042504450675264,fit_no_juv_move,x,2,28,2004-08-20,2
"x[2,29]",0.3149569936901486,0.5268549676085481,0.7795856434518207,fit_no_juv_move,x,2,29,2005-06-20,2
"x[2,30]",0.12359810577655951,0.24289679061761502,0.4046608999043591,fit_no_juv_move,x,2,30,2005-08-20,2
"x[2,31]",0.08898698463616558,0.188612526015406,0.3284425688909094,fit_no_juv_move,x,2,31,2006-06-20,2
"x[2,32]",0.09119738977402678,0.18172664805429048,0.3003762110491041,fit_no_juv_move,x,2,32,2006-08-20,2
"x[2,33]",0.1899484818619914,0.3059974091823615,0.45310566219502135,fit_no_juv_move,x,2,33,2007-06-20,2
"x[2,34]",0.1082780104997597,0.2302442948930979,0.3903765574315092,fit_no_juv_move,x,2,34,2007-08-20,2
"x[2,35]",0.22949788508437638,0.3636338010461424,0.5285403694664078,fit_no_juv_move,x,2,35,2008-06-20,2
"x[2,36]",0.0947410745181499,0.2088681717176666,0.3814783155727173,fit_no_juv_move,x,2,36,2008-08-20,2
"x[2,37]",0.07012108222975365,0.17710441277758243,0.342603263348888,fit_no_juv_move,x,2,37,2009-06-20,2
"x[2,38]",0.07475106389501666,0.18388473495140092,0.3428085986796732,fit_no_juv_move,x,2,38,2009-08-20,2
"x[2,39]",0.1269576622622584,0.25465001915319774,0.4219886833841629,fit_no_juv_move,x,2,39,2010-06-20,2
"x[2,40]",0.245792261817537,0.3921930092676601,0.58151834133601,fit_no_juv_move,x,2,40,2010-08-20,2
"x[2,41]",0.12006443242550627,0.29776643861843066,0.5604472707722279,fit_no_juv_move,x,2,41,2011-06-20,2
"x[2,42]",0.10734714199809861,0.2409462498169601,0.43398853518836283,fit_no_juv_move,x,2,42,2011-08-20,2
"x[2,43]",0.07297162403832852,0.16280803451931009,0.3017144349390515,fit_no_juv_move,x,2,43,2012-06-20,2
"x[2,44]",0.06061624391266185,0.14958376970797344,0.27893730700415,fit_no_juv_move,x,2,44,2012-08-20,2
"x[2,45]",0.06819448809586887,0.1373648574544078,0.24483089863942203,fit_no_juv_move,x,2,45,2013-06-20,2
"x[2,46]",0.10344878732298604,0.1929118988364154,0.3315477611197052,fit_no_juv_move,x,2,46,2013-08-20,2
"x[2,47]",0.09774633942864829,0.17587982687818343,0.30040697982639974,fit_no_juv_move,x,2,47,2014-06-20,2
"x[2,48]",0.24036823457525797,0.3722131438348433,0.5384289236885088,fit_no_juv_move,x,2,48,2014-08-20,2
"x[2,49]",0.08596890841326318,0.16168011017301862,0.28334609097682606,fit_no_juv_move,x,2,49,2015-06-20,2
"x[2,50]",0.09201317429169323,0.18148938027141673,0.33760279508548524,fit_no_juv_move,x,2,50,2015-08-20,2
"x[2,51]",0.04262336224608039,0.09592500317617939,0.18497476435460347,fit_no_juv_move,x,2,51,2016-06-20,2
"x[2,52]",0.04288870906739792,0.09639380418294431,0.17697145890619198,fit_no_juv_move,x,2,52,2016-08-20,2
"x[2,53]",0.04036064488611129,0.09797892405146857,0.1804365487536224,fit_no_juv_move,x,2,53,2017-06-20,2
"x[2,54]",0.05570842049630734,0.1502518807260968,0.27786557834277176,fit_no_juv_move,x,2,54,2017-08-20,2
"x[2,55]",0.12084375589705763,0.2462255616381833,0.39725192846852797,fit_no_juv_move,x,2,55,2018-06-20,2
"x[2,56]",0.3476226383712227,0.6099707054568727,0.8942738130485318,fit_no_juv_move,x,2,56,2018-08-20,2
"x[2,57]",0.4753694557779878,0.7837777293010466,1.1017627643496823,fit_no_juv_move,x,2,57,2019-06-20,2
"x[2,58]",0.5517472877760071,0.9632430740508632,1.4724253586295035,fit_no_juv_move,x,2,58,2019-08-20,2
"x[2,59]",0.4727113397466616,0.7452320517609853,1.0601678288595695,fit_no_juv_move,x,2,59,2020-06-20,2
"x[2,60]",0.3365026620930874,0.5756927868618615,0.859025348981727,fit_no_juv_move,x,2,60,2020-08-20,2
"x[3,1]",2.558350121051509,3.1556832072599255,3.7249639538520385,fit_no_juv_move,x,3,1,1991-06-20,1
"x[3,2]",1.9546615219452481,2.598810899366261,3.2417583080760735,fit_no_juv_move,x,3,2,1991-08-20,1
"x[3,3]",2.6588761709465136,3.292031476446038,3.9249520241655853,fit_no_juv_move,x,3,3,1992-06-20,1
"x[3,4]",0.9086994476663177,1.4478999778638633,2.007723937633277,fit_no_juv_move,x,3,4,1992-08-20,1
"x[3,5]",0.3660712355407979,0.7921423794500433,1.2780036263027683,fit_no_juv_move,x,3,5,1993-06-20,1
"x[3,6]",0.2426537209190632,0.5694163477750154,0.9816819266941099,fit_no_juv_move,x,3,6,1993-08-20,1
"x[3,7]",0.47554651488966837,0.8574232859268935,1.2826160628233398,fit_no_juv_move,x,3,7,1994-06-20,1
"x[3,8]",0.4815691983143939,0.8427972219434463,1.251735656262897,fit_no_juv_move,x,3,8,1994-08-20,1
"x[3,9]",0.7389020586235122,1.183184184231641,1.6738048181389662,fit_no_juv_move,x,3,9,1995-06-20,1
"x[3,10]",0.7809568060200788,1.2462018354967876,1.7066210501113817,fit_no_juv_move,x,3,10,1995-08-20,1
"x[3,11]",0.831551170826732,1.3126344299126451,1.8042558721208721,fit_no_juv_move,x,3,11,1996-06-20,1
"x[3,12]",2.8396036820865573,3.429547144808852,4.026222517411254,fit_no_juv_move,x,3,12,1996-08-20,1
"x[3,13]",1.2249487733392836,1.802689933918236,2.371390525114249,fit_no_juv_move,x,3,13,1997-06-20,1
"x[3,14]",1.4635718033460807,2.075437702331559,2.702333498402476,fit_no_juv_move,x,3,14,1997-08-20,1
"x[3,15]",0.2881890311187166,0.7177351230193654,1.2349950496624476,fit_no_juv_move,x,3,15,1998-06-20,1
"x[3,16]",0.32757650209582834,0.7597764391505106,1.286255507952146,fit_no_juv_move,x,3,16,1998-08-20,1
"x[3,17]",0.49048483096871187,0.9625355441062705,1.472542943209518,fit_no_juv_move,x,3,17,1999-06-20,1
"x[3,18]",0.39824220384649245,0.769470694282437,1.1857359250661854,fit_no_juv_move,x,3,18,1999-08-20,1
"x[3,19]",0.6341658760638399,1.0147119107742921,1.4318485404267425,fit_no_juv_move,x,3,19,2000-06-20,1
"x[3,20]",1.2026821259054317,1.6746967455301571,2.200914003663769,fit_no_juv_move,x,3,20,2000-08-20,1
"x[3,21]",1.9568044015282464,2.4932461020244667,3.0608654631905363,fit_no_juv_move,x,3,21,2001-06-20,1
"x[3,22]",1.7560406779417321,2.2605997797107507,2.7848423581139343,fit_no_juv_move,x,3,22,2001-08-20,1
"x[3,23]",2.260776090403221,2.8229824976092,3.3786138221852724,fit_no_juv_move,x,3,23,2002-06-20,1
"x[3,24]",4.148112335000258,4.75204920287044,5.364294413260145,fit_no_juv_move,x,3,24,2002-08-20,1
"x[3,25]",1.77126247359952,2.387124166531245,3.0031021552784383,fit_no_juv_move,x,3,25,2003-06-20,1
"x[3,26]",0.47156886743813425,1.0217838272453137,1.6418136033624595,fit_no_juv_move,x,3,26,2003-08-20,1
"x[3,27]",0.5407866540036813,1.121379654107459,1.7518172694377483,fit_no_juv_move,x,3,27,2004-06-20,1
"x[3,28]",0.47273747687494144,1.0287840663017067,1.6339786719887637,fit_no_juv_move,x,3,28,2004-08-20,1
"x[3,29]",0.15590354721885263,0.48292720621385854,0.956451987416535,fit_no_juv_move,x,3,29,2005-06-20,1
"x[3,30]",0.4272801312248615,0.8896742133411684,1.4321023614470691,fit_no_juv_move,x,3,30,2005-08-20,1
"x[3,31]",0.647075362314362,1.0961494650548005,1.5826142752569718,fit_no_juv_move,x,3,31,2006-06-20,1
"x[3,32]",1.5821816844848895,2.0911050520412378,2.634153424439288,fit_no_juv_move,x,3,32,2006-08-20,1
"x[3,33]",1.6207009866437405,2.1391378156859475,2.6628288817151917,fit_no_juv_move,x,3,33,2007-06-20,1
"x[3,34]",1.8174544317091745,2.362597906554859,2.9369452929644098,fit_no_juv_move,x,3,34,2007-08-20,1
"x[3,35]",1.888753674288334,2.4951250345326628,3.1213681566352087,fit_no_juv_move,x,3,35,2008-06-20,1
"x[3,36]",1.72523463663494,2.3288809962132255,2.929165734202243,fit_no_juv_move,x,3,36,2008-08-20,1
"x[3,37]",2.0282830177472544,2.6321492300059504,3.2365275487042005,fit_no_juv_move,x,3,37,2009-06-20,1
"x[3,38]",1.8916985787950023,2.4358182996022184,2.9978585088096836,fit_no_juv_move,x,3,38,2009-08-20,1
"x[3,39]",1.8282109511637192,2.373734412989729,2.9303063170004218,fit_no_juv_move,x,3,39,2010-06-20,1
"x[3,40]",2.4422694191317835,3.032938294819875,3.6198320143685674,fit_no_juv_move,x,3,40,2010-08-20,1
"x[3,41]",2.1912191931566514,2.8098979049199873,3.432370830490712,fit_no_juv_move,x,3,41,2011-06-20,1
"x[3,42]",0.8828984684226422,1.467158326467771,2.0723675522555745,fit_no_juv_move,x,3,42,2011-08-20,1
"x[3,43]",1.2016253282803786,1.7228235058042607,2.2599110060193395,fit_no_juv_move,x,3,43,2012-06-20,1
"x[3,44]",1.2646060323932937,1.7980904438465521,2.346553114506198,fit_no_juv_move,x,3,44,2012-08-20,1
"x[3,45]",2.7958547156427835,3.4256519387865048,4.077586828437569,fit_no_juv_move,x,3,45,2013-06-20,1
"x[3,46]",1.2085665066817826,1.6751974610160836,2.181701743786209,fit_no_juv_move,x,3,46,2013-08-20,1
"x[3,47]",1.530598266923189,2.0276833383821353,2.4930188744234756,fit_no_juv_move,x,3,47,2014-06-20,1
"x[3,48]",1.1823092170907046,1.648240186183042,2.18455575606423,fit_no_juv_move,x,3,48,2014-08-20,1
"x[3,49]",3.212671855701283,3.9180440436697372,4.602035714619538,fit_no_juv_move,x,3,49,2015-06-20,1
"x[3,50]",0.5397993744687393,0.9245371724494411,1.3329461213193254,fit_no_juv_move,x,3,50,2015-08-20,1
"x[3,51]",0.4672967628474999,0.8548255147460593,1.2576163282328103,fit_no_juv_move,x,3,51,2016-06-20,1
"x[3,52]",0.4973329153960798,0.7997042557660169,1.1597891104136133,fit_no_juv_move,x,3,52,2016-08-20,1
"x[3,53]",0.9661985238063149,1.2873697130001553,1.6438506839426574,fit_no_juv_move,x,3,53,2017-06-20,1
"x[3,54]",1.288632236829463,1.7082653014442255,2.193366484038811,fit_no_juv_move,x,3,54,2017-08-20,1
"x[3,55]",3.910875026239535,4.539230692436854,5.186563731623296,fit_no_juv_move,x,3,55,2018-06-20,1
"x[3,56]",2.111320446621113,2.6504054331046616,3.1947168613177106,fit_no_juv_move,x,3,56,2018-08-20,1
"x[3,57]",0.7548121318766284,1.3677668189695513,1.9890403522649631,fit_no_juv_move,x,3,57,2019-06-20,1
"x[3,58]",1.0476069341451697,1.6587961497710344,2.262062550236967,fit_no_juv_move,x,3,58,2019-08-20,1
"x[3,59]",1.5301525769380047,2.1309752790610155,2.741994799565189,fit_no_juv_move,x,3,59,2020-06-20,1
"x[3,60]",2.111676743698298,2.7514048424551127,3.3836683058221224,fit_no_juv_move,x,3,60,2020-08-20,1
"x[4,1]",0.8682932726176711,1.275284661519583,1.7817327957356444,fit_no_juv_move,x,4,1,1991-06-20,1
"x[4,2]",1.0359848494140251,1.35624304806485,1.720206149370216,fit_no_juv_move,x,4,2,1991-08-20,1
"x[4,3]",0.7401578653742459,1.1337265645193253,1.6112442668233458,fit_no_juv_move,x,4,3,1992-06-20,1
"x[4,4]",0.7042071059283072,1.1053481653580928,1.5471334922949325,fit_no_juv_move,x,4,4,1992-08-20,1
"x[4,5]",0.4206804483795138,0.7325886219753912,1.1434097554919571,fit_no_juv_move,x,4,5,1993-06-20,1
"x[4,6]",0.3312198819022816,0.5523648147820114,0.8488645149685572,fit_no_juv_move,x,4,6,1993-08-20,1
"x[4,7]",0.2539942728787477,0.4131174579376699,0.6294176250267356,fit_no_juv_move,x,4,7,1994-06-20,1
"x[4,8]",0.32044405265348136,0.4881746626494389,0.7075533730441177,fit_no_juv_move,x,4,8,1994-08-20,1
"x[4,9]",0.3552918509545895,0.5323713374513244,0.7533441935961803,fit_no_juv_move,x,4,9,1995-06-20,1
"x[4,10]",0.48747695382978956,0.7547994931347047,1.1041625608210317,fit_no_juv_move,x,4,10,1995-08-20,1
"x[4,11]",1.0250377104542918,1.3295199192670712,1.6878820340771665,fit_no_juv_move,x,4,11,1996-06-20,1
"x[4,12]",1.0441902412655113,1.4530925139247381,1.9233115781585115,fit_no_juv_move,x,4,12,1996-08-20,1
"x[4,13]",1.643724968051592,2.1445733868373162,2.6655372129555315,fit_no_juv_move,x,4,13,1997-06-20,1
"x[4,14]",0.974036299882236,1.4546582390629803,1.9449708177744238,fit_no_juv_move,x,4,14,1997-08-20,1
"x[4,15]",0.7914813419100731,1.1956359866905082,1.6398550633415927,fit_no_juv_move,x,4,15,1998-06-20,1
"x[4,16]",0.5310957925998729,0.8257813728971231,1.1867888229563548,fit_no_juv_move,x,4,16,1998-08-20,1
"x[4,17]",0.36820330947793495,0.5925848625410921,0.8861363287927126,fit_no_juv_move,x,4,17,1999-06-20,1
"x[4,18]",0.3631394881664863,0.5612860004755711,0.812284182166044,fit_no_juv_move,x,4,18,1999-08-20,1
"x[4,19]",0.44370597759775626,0.6295760324976811,0.8649136248699305,fit_no_juv_move,x,4,19,2000-06-20,1
"x[4,20]",0.6369073354054302,0.8560380856038283,1.1358650270735247,fit_no_juv_move,x,4,20,2000-08-20,1
"x[4,21]",0.7890543285482334,1.070157402296232,1.436572700426297,fit_no_juv_move,x,4,21,2001-06-20,1
"x[4,22]",1.2138824419304912,1.593044546106996,2.0182555282899886,fit_no_juv_move,x,4,22,2001-08-20,1
"x[4,23]",2.03367872247016,2.44785688247935,2.894175640746462,fit_no_juv_move,x,4,23,2002-06-20,1
"x[4,24]",3.4155811835686185,3.971599765080291,4.543682236396616,fit_no_juv_move,x,4,24,2002-08-20,1
"x[4,25]",4.822295589293967,5.371592934973686,5.9341067242359715,fit_no_juv_move,x,4,25,2003-06-20,1
"x[4,26]",4.476520800721976,5.077029810396349,5.677282692980658,fit_no_juv_move,x,4,26,2003-08-20,1
"x[4,27]",3.5298066117196143,4.068159938253974,4.625476661618082,fit_no_juv_move,x,4,27,2004-06-20,1
"x[4,28]",2.982904898169277,3.5846740889521493,4.198676745618827,fit_no_juv_move,x,4,28,2004-08-20,1
"x[4,29]",1.6304793754991944,2.0766979362226325,2.5704784672226477,fit_no_juv_move,x,4,29,2005-06-20,1
"x[4,30]",0.7091826452276857,0.9949076166258364,1.3329780642335416,fit_no_juv_move,x,4,30,2005-08-20,1
"x[4,31]",0.7255993546736714,0.9791094116980334,1.2901683649829694,fit_no_juv_move,x,4,31,2006-06-20,1
"x[4,32]",0.6873002392268286,0.9190373729236856,1.1905998062052696,fit_no_juv_move,x,4,32,2006-08-20,1
"x[4,33]",1.0260018408235532,1.3322245269955029,1.679310886029756,fit_no_juv_move,x,4,33,2007-06-20,1
"x[4,34]",1.750589182165451,2.2676237488746134,2.8219744519869554,fit_no_juv_move,x,4,34,2007-08-20,1
"x[4,35]",1.9327906524612084,2.4147526089700904,2.931900040268899,fit_no_juv_move,x,4,35,2008-06-20,1
"x[4,36]",1.4880913694521174,1.8924351299893312,2.3436559798572794,fit_no_juv_move,x,4,36,2008-08-20,1
"x[4,37]",1.500331447861378,1.9486918778175273,2.469332359716349,fit_no_juv_move,x,4,37,2009-06-20,1
"x[4,38]",1.248548360329751,1.6197734842311005,2.037867617248536,fit_no_juv_move,x,4,38,2009-08-20,1
"x[4,39]",1.5608068642916457,1.9838463209524582,2.4399586629110015,fit_no_juv_move,x,4,39,2010-06-20,1
"x[4,40]",1.6268186826272835,2.0317150689218755,2.4856842664100722,fit_no_juv_move,x,4,40,2010-08-20,1
"x[4,41]",2.068789044756727,2.670755033585478,3.272389240180076,fit_no_juv_move,x,4,41,2011-06-20,1
"x[4,42]",1.1523724179923063,1.5192739124086474,1.9227927903788675,fit_no_juv_move,x,4,42,2011-08-20,1
"x[4,43]",0.6870897001691205,1.0118218853114502,1.406572353989825,fit_no_juv_move,x,4,43,2012-06-20,1
"x[4,44]",0.7887737607212899,1.0255771357564092,1.3147595122256295,fit_no_juv_move,x,4,44,2012-08-20,1
"x[4,45]",0.42079903664367746,0.6221548705530775,0.9041486898411205,fit_no_juv_move,x,4,45,2013-06-20,1
"x[4,46]",0.5029338762811859,0.7443941574578543,1.0803629503470844,fit_no_juv_move,x,4,46,2013-08-20,1
"x[4,47]",0.3542172574619658,0.5573314848538597,0.8459638834525227,fit_no_juv_move,x,4,47,2014-06-20,1
"x[4,48]",0.7747406224427628,1.0181306680154707,1.2917759701481524,fit_no_juv_move,x,4,48,2014-08-20,1
"x[4,49]",0.2516350542906927,0.44638707289087515,0.7331471506559328,fit_no_juv_move,x,4,49,2015-06-20,1
"x[4,50]",0.28114632607171886,0.5212909441961291,0.8708379302583439,fit_no_juv_move,x,4,50,2015-08-20,1
"x[4,51]",0.18441957897129957,0.3266496934044886,0.5342540513421485,fit_no_juv_move,x,4,51,2016-06-20,1
"x[4,52]",0.2739505838856057,0.3961654684010064,0.5674743667229618,fit_no_juv_move,x,4,52,2016-08-20,1
"x[4,53]",0.3327736850407421,0.4840207273683879,0.6913585781182425,fit_no_juv_move,x,4,53,2017-06-20,1
"x[4,54]",0.877488485252454,1.0823307754545504,1.323656280902091,fit_no_juv_move,x,4,54,2017-08-20,1
"x[4,55]",0.9352744697673525,1.2275308669745457,1.56808453123366,fit_no_juv_move,x,4,55,2018-06-20,1
"x[4,56]",2.0777674380644826,2.5931616312037837,3.1241275590943154,fit_no_juv_move,x,4,56,2018-08-20,1
"x[4,57]",2.252562443136732,2.7625560259538986,3.299248017129285,fit_no_juv_move,x,4,57,2019-06-20,1
"x[4,58]",1.5090043955387806,1.9735031939302985,2.44432448250594,fit_no_juv_move,x,4,58,2019-08-20,1
"x[4,59]",1.5697744239235458,2.003256839704541,2.475195756880944,fit_no_juv_move,x,4,59,2020-06-20,1
"x[4,60]",1.337185684783788,1.8294937401336857,2.359624501573386,fit_no_juv_move,x,4,60,2020-08-20,1
"x[1,1]",1.1463551165274397,1.4345717916881626,1.7337495148331026,fit_no_move,x,1,1,1991-06-20,2
"x[1,2]",0.2698330262144495,0.658685608454219,1.1344155383662988,fit_no_move,x,1,2,1991-08-20,2
"x[1,3]",5.485976944376388,6.0160456620239025,6.547503250069942,fit_no_move,x,1,3,1992-06-20,2
"x[1,4]",0.41506279585561834,0.7249025882077944,1.0588843553655982,fit_no_move,x,1,4,1992-08-20,2
"x[1,5]",0.27071834124944383,0.6183863134648084,1.0091519316396655,fit_no_move,x,1,5,1993-06-20,2
"x[1,6]",0.12443000946872775,0.2868448136881499,0.520471936390006,fit_no_move,x,1,6,1993-08-20,2
"x[1,7]",0.2408224768731934,0.4551119016246217,0.7298173168562976,fit_no_move,x,1,7,1994-06-20,2
"x[1,8]",0.1750561955348107,0.345255882571198,0.5726311997743566,fit_no_move,x,1,8,1994-08-20,2
"x[1,9]",0.3999573451579813,0.6924350310971229,1.0913265810015096,fit_no_move,x,1,9,1995-06-20,2
"x[1,10]",0.3171849571934541,0.5291517482899156,0.7734532367092696,fit_no_move,x,1,10,1995-08-20,2
"x[1,11]",0.38145536014854825,0.64815973021695406,0.9456669258214974,fit_no_move,x,1,11,1996-06-20,2
"x[1,12]",0.7674645617055181,1.0937408345666866,1.4398025180391127,fit_no_move,x,1,12,1996-08-20,2
"x[1,13]",0.4717545862710538,0.8449988062087818,1.234819630773303,fit_no_move,x,1,13,1997-06-20,2
"x[1,14]",0.5883248272750925,1.0273338584064249,1.4865468814379563,fit_no_move,x,1,14,1997-08-20,2
"x[1,15]",0.19596165243475944,0.5148904858697715,0.9274831307189284,fit_no_move,x,1,15,1998-06-20,2
"x[1,16]",0.09060222158350435,0.28833421298796913,0.5835005017648383,fit_no_move,x,1,16,1998-08-20,2
"x[1,17]",0.09822975384939348,0.28212664926017184,0.551154469264218,fit_no_move,x,1,17,1999-06-20,2
"x[1,18]",0.09968271840545719,0.24691783058901204,0.4638292075318232,fit_no_move,x,1,18,1999-08-20,2
"x[1,19]",0.10606741163716824,0.24115186248632986,0.43815648626003667,fit_no_move,x,1,19,2000-06-20,2
"x[1,20]",0.16404486905013974,0.3035941930810132,0.5079390360704357,fit_no_move,x,1,20,2000-08-20,2
"x[1,21]",0.20854314014734698,0.36427591327798614,0.5682465903297973,fit_no_move,x,1,21,2001-06-20,2
"x[1,22]",0.4033728117484997,0.5997867386641154,0.8233704071499509,fit_no_move,x,1,22,2001-08-20,2
"x[1,23]",0.5892383589314495,0.8534874718264616,1.1328879760218526,fit_no_move,x,1,23,2002-06-20,2
"x[1,24]",1.3020554924041603,1.6407473756325628,1.983390894510817,fit_no_move,x,1,24,2002-08-20,2
"x[1,25]",0.8622789540051345,1.2889788551440535,1.6851755458891404,fit_no_move,x,1,25,2003-06-20,2
"x[1,26]",0.17953223415730327,0.4765567310606425,0.8827312621852218,fit_no_move,x,1,26,2003-08-20,2
"x[1,27]",0.10534067056050889,0.3314198133152948,0.6735610125541315,fit_no_move,x,1,27,2004-06-20,2
"x[1,28]",0.6246704818768644,1.0538440180757012,1.5064454626392036,fit_no_move,x,1,28,2004-08-20,2
"x[1,29]",0.11707673905094056,0.3296598861708204,0.6312424963336212,fit_no_move,x,1,29,2005-06-20,2
"x[1,30]",0.28630751471523763,0.5785598642763369,0.9474593250238292,fit_no_move,x,1,30,2005-08-20,2
"x[1,31]",0.11033639167711193,0.2729702712015116,0.526665542055517,fit_no_move,x,1,31,2006-06-20,2
"x[1,32]",0.2414750501105373,0.4544744959537732,0.7202658830375664,fit_no_move,x,1,32,2006-08-20,2
"x[1,33]",0.1575170900952395,0.33226744248247386,0.5785881117773513,fit_no_move,x,1,33,2007-06-20,2
"x[1,34]",0.4435555437378262,0.8043147807042998,1.2427091049240084,fit_no_move,x,1,34,2007-08-20,2
"x[1,35]",0.2746232149836114,0.5267673966336068,0.8524904684071739,fit_no_move,x,1,35,2008-06-20,2
"x[1,36]",0.500890056725255,0.8893562245804567,1.367105610594542,fit_no_move,x,1,36,2008-08-20,2
"x[1,37]",0.2694938306415017,0.4860824720217898,0.7673512081985079,fit_no_move,x,1,37,2009-06-20,2
"x[1,38]",0.2629597231095064,0.4886017271611941,0.7677188152136345,fit_no_move,x,1,38,2009-08-20,2
"x[1,39]",0.2713731589795737,0.4954855386848217,0.7608304090149935,fit_no_move,x,1,39,2010-06-20,2
"x[1,40]",0.3109560908253044,0.5807206994904732,0.8943009772350394,fit_no_move,x,1,40,2010-08-20,2
"x[1,41]",0.4135302507540822,0.830638028216556,1.336332531524934,fit_no_move,x,1,41,2011-06-20,2
"x[1,42]",0.22015776967484982,0.4679680330902031,0.7735653463826272,fit_no_move,x,1,42,2011-08-20,2
"x[1,43]",0.19395395942696844,0.4133867202675304,0.6963717076695655,fit_no_move,x,1,43,2012-06-20,2
"x[1,44]",0.1742233531450246,0.36784047573042705,0.6489706093033598,fit_no_move,x,1,44,2012-08-20,2
"x[1,45]",0.2052121238771018,0.3748696854695897,0.6023282169345288,fit_no_move,x,1,45,2013-06-20,2
"x[1,46]",0.19098712336541335,0.3926482161097866,0.6618229725813739,fit_no_move,x,1,46,2013-08-20,2
"x[1,47]",0.32491034011946496,0.568513201547733,0.8474848711319164,fit_no_move,x,1,47,2014-06-20,2
"x[1,48]",0.2794079487853192,0.5541011907564242,0.9064176726722788,fit_no_move,x,1,48,2014-08-20,2
"x[1,49]",0.5882557507282027,1.249685544822827,1.914774339441752,fit_no_move,x,1,49,2015-06-20,2
"x[1,50]",0.19782420240637955,0.4158364362927486,0.6985663286751158,fit_no_move,x,1,50,2015-08-20,2
"x[1,51]",0.15839323074559788,0.3625221003983162,0.6289964629506885,fit_no_move,x,1,51,2016-06-20,2
"x[1,52]",0.10077548056059057,0.2351471356733974,0.4201001860090008,fit_no_move,x,1,52,2016-08-20,2
"x[1,53]",0.1301238837248069,0.2638839184629529,0.45251840741177074,fit_no_move,x,1,53,2017-06-20,2
"x[1,54]",0.13527506423269572,0.26908669434577603,0.4584126355963579,fit_no_move,x,1,54,2017-08-20,2
"x[1,55]",0.22205723078236136,0.4097895128468073,0.6455064436127864,fit_no_move,x,1,55,2018-06-20,2
"x[1,56]",0.2706129374711011,0.5111162416662183,0.808081377732883,fit_no_move,x,1,56,2018-08-20,2
"x[1,57]",0.4063391983776731,0.7462297431840741,1.1312471316610329,fit_no_move,x,1,57,2019-06-20,2
"x[1,58]",0.21814221986084525,0.48709712928254084,0.7994016755253999,fit_no_move,x,1,58,2019-08-20,2
"x[1,59]",0.17054256838185944,0.47477335074732446,0.8427875537280797,fit_no_move,x,1,59,2020-06-20,2
"x[1,60]",0.49448416665966594,0.9516105633359571,1.4187069802159702,fit_no_move,x,1,60,2020-08-20,2
"x[2,1]",0.056841489277236305,0.17743376812946693,0.46416253888556924,fit_no_move,x,2,1,1991-06-20,2
"x[2,2]",1.0235358875344047,1.231025618475404,1.4558934643724133,fit_no_move,x,2,2,1991-08-20,2
"x[2,3]",0.1963245697492247,0.38000898568336716,0.6651529967486037,fit_no_move,x,2,3,1992-06-20,2
"x[2,4]",0.4015040704447221,0.7302210787395926,1.1087458453716443,fit_no_move,x,2,4,1992-08-20,2
"x[2,5]",0.12716310838009173,0.27221391759841607,0.47947763427515644,fit_no_move,x,2,5,1993-06-20,2
"x[2,6]",0.13517143385446792,0.23561653856317588,0.3799326808443131,fit_no_move,x,2,6,1993-08-20,2
"x[2,7]",0.09254538414401234,0.17454595605812911,0.31115291161482544,fit_no_move,x,2,7,1994-06-20,2
"x[2,8]",0.16026499706302766,0.285117229493816,0.4572060448464828,fit_no_move,x,2,8,1994-08-20,2
"x[2,9]",0.1613665109415346,0.26886260709907867,0.42906992241588865,fit_no_move,x,2,9,1995-06-20,2
"x[2,10]",0.2682302736097833,0.4515256065686217,0.6956454534734283,fit_no_move,x,2,10,1995-08-20,2
"x[2,11]",0.41448004449423037,0.6056714128115166,0.8470748922628669,fit_no_move,x,2,11,1996-06-20,2
"x[2,12]",0.5638585426778713,0.8134132281062452,1.1021578268895371,fit_no_move,x,2,12,1996-08-20,2
"x[2,13]",1.0657874228755984,1.4391973928688775,1.799067054311199,fit_no_move,x,2,13,1997-06-20,2
"x[2,14]",1.1344332694631296,1.521890697677823,1.9395782443850824,fit_no_move,x,2,14,1997-08-20,2
"x[2,15]",0.7416372522099131,1.0599015779641074,1.4152761321469731,fit_no_move,x,2,15,1998-06-20,2
"x[2,16]",0.33143122137373365,0.5413519845270007,0.813127715082584,fit_no_move,x,2,16,1998-08-20,2
"x[2,17]",0.15983224876853447,0.2833462253948466,0.4706712191042901,fit_no_move,x,2,17,1999-06-20,2
"x[2,18]",0.11217146061714209,0.21282147816843494,0.36619293399422187,fit_no_move,x,2,18,1999-08-20,2
"x[2,19]",0.10900991626767378,0.1974930960281695,0.33126663968514375,fit_no_move,x,2,19,2000-06-20,2
"x[2,20]",0.11643203291293819,0.2082019409024598,0.3453868148017131,fit_no_move,x,2,20,2000-08-20,2
"x[2,21]",0.17175011558073894,0.27654913256878366,0.4244471359350467,fit_no_move,x,2,21,2001-06-20,2
"x[2,22]",0.2542608663893121,0.3823770291340531,0.5601521564086482,fit_no_move,x,2,22,2001-08-20,2
"x[2,23]",0.5105833349181845,0.6822837595523445,0.8844897163656256,fit_no_move,x,2,23,2002-06-20,2
"x[2,24]",0.8886694308763752,1.1460752995803354,1.4303229985777983,fit_no_move,x,2,24,2002-08-20,2
"x[2,25]",2.1213213950596335,2.4825555621970867,2.8463499340193437,fit_no_move,x,2,25,2003-06-20,2
"x[2,26]",2.8660466900115065,3.2887785121232276,3.7146747907093913,fit_no_move,x,2,26,2003-08-20,2
"x[2,27]",1.2371515359639866,1.5953517576339153,1.9949584324745344,fit_no_move,x,2,27,2004-06-20,2
"x[2,28]",0.37982138358506184,0.6223759828786415,0.9225535447675943,fit_no_move,x,2,28,2004-08-20,2
"x[2,29]",0.36024767771276855,0.5927359884917525,0.8895074571489889,fit_no_move,x,2,29,2005-06-20,2
"x[2,30]",0.13600827077725475,0.2711563290970319,0.4727964579520005,fit_no_move,x,2,30,2005-08-20,2
"x[2,31]",0.15716849066673366,0.2772217406631251,0.4554159992895471,fit_no_move,x,2,31,2006-06-20,2
"x[2,32]",0.08552710033149752,0.1750845349907757,0.32342376771590303,fit_no_move,x,2,32,2006-08-20,2
"x[2,33]",0.15583449233049432,0.26793308265464566,0.41840786267568597,fit_no_move,x,2,33,2007-06-20,2
"x[2,34]",0.10129240100413979,0.1864155457341452,0.3173666576747635,fit_no_move,x,2,34,2007-08-20,2
"x[2,35]",0.1668966454158252,0.29668561132485244,0.48683128575861384,fit_no_move,x,2,35,2008-06-20,2
"x[2,36]",0.10555652602961524,0.19512263444878727,0.346671792163411,fit_no_move,x,2,36,2008-08-20,2
"x[2,37]",0.12082055927537323,0.23272309267676675,0.42086511957582834,fit_no_move,x,2,37,2009-06-20,2
"x[2,38]",0.10207692443562194,0.19650886444242754,0.3509844924658412,fit_no_move,x,2,38,2009-08-20,2
"x[2,39]",0.11033547502996084,0.21133154250054226,0.3790526875895392,fit_no_move,x,2,39,2010-06-20,2
"x[2,40]",0.1288418714675711,0.26608601261482734,0.46810215948210504,fit_no_move,x,2,40,2010-08-20,2
"x[2,41]",0.10212000159200722,0.22029727743912253,0.427255443719536,fit_no_move,x,2,41,2011-06-20,2
"x[2,42]",0.10093016813367901,0.22440757306393683,0.44461064828527924,fit_no_move,x,2,42,2011-08-20,2
"x[2,43]",0.07557045811854088,0.16761818146520518,0.3247927860782945,fit_no_move,x,2,43,2012-06-20,2
"x[2,44]",0.07812959154675025,0.15483785889208024,0.2815943375429713,fit_no_move,x,2,44,2012-08-20,2
"x[2,45]",0.06873196652168742,0.14727024995827873,0.2818630722945969,fit_no_move,x,2,45,2013-06-20,2
"x[2,46]",0.10300090904111142,0.18453549428150065,0.3035726557617606,fit_no_move,x,2,46,2013-08-20,2
"x[2,47]",0.09351320158295669,0.186637243551823,0.3359638196413391,fit_no_move,x,2,47,2014-06-20,2
"x[2,48]",0.17181197845943927,0.33972092382440067,0.5289967063767345,fit_no_move,x,2,48,2014-08-20,2
"x[2,49]",0.09568532766630486,0.19395739602163392,0.35034549917268787,fit_no_move,x,2,49,2015-06-20,2
"x[2,50]",0.11405083726496779,0.2504582711007248,0.4701191469882083,fit_no_move,x,2,50,2015-08-20,2
"x[2,51]",0.06689142418533198,0.1482722198499829,0.2875035759747236,fit_no_move,x,2,51,2016-06-20,2
"x[2,52]",0.07175332790057268,0.14518824763960325,0.2683923209049152,fit_no_move,x,2,52,2016-08-20,2
"x[2,53]",0.06276916424636234,0.13506082256361224,0.2509093505383402,fit_no_move,x,2,53,2017-06-20,2
"x[2,54]",0.09403388309500438,0.1820246716973834,0.309673818824598,fit_no_move,x,2,54,2017-08-20,2
"x[2,55]",0.11509275156131682,0.23617094793103477,0.3962870686013782,fit_no_move,x,2,55,2018-06-20,2
"x[2,56]",0.2049202898724563,0.4001085194923174,0.614709086562335,fit_no_move,x,2,56,2018-08-20,2
"x[2,57]",0.26118740173577015,0.5638619018932994,0.8992837608998525,fit_no_move,x,2,57,2019-06-20,2
"x[2,58]",0.44022769746098567,0.9291274242869001,1.381948155648085,fit_no_move,x,2,58,2019-08-20,2
"x[2,59]",0.37946413446582994,0.7197666786640451,1.0663781282924116,fit_no_move,x,2,59,2020-06-20,2
"x[2,60]",0.25088730784840196,0.5107832407527548,0.8220773571589335,fit_no_move,x,2,60,2020-08-20,2
"x[3,1]",1.7739888047770558,2.398263174737803,3.026612899530213,fit_no_move,x,3,1,1991-06-20,1
"x[3,2]",2.025186588560264,2.6589294106008143,3.2891948648007205,fit_no_move,x,3,2,1991-08-20,1
"x[3,3]",2.83546351255231,3.445996288754995,4.086315626072813,fit_no_move,x,3,3,1992-06-20,1
"x[3,4]",0.977561141762326,1.5199098117206509,2.084806691791971,fit_no_move,x,3,4,1992-08-20,1
"x[3,5]",0.3400128891056643,0.7523796265217514,1.2177540062730146,fit_no_move,x,3,5,1993-06-20,1
"x[3,6]",0.2358283078283781,0.5720171275343928,0.9768293052427257,fit_no_move,x,3,6,1993-08-20,1
"x[3,7]",0.37685871203885735,0.7234627954074144,1.1319448837155675,fit_no_move,x,3,7,1994-06-20,1
"x[3,8]",0.4975168392799658,0.8259207200702079,1.24371079452945,fit_no_move,x,3,8,1994-08-20,1
"x[3,9]",0.6948991266886799,1.0969830678932153,1.5903089479581693,fit_no_move,x,3,9,1995-06-20,1
"x[3,10]",0.8806440145416911,1.249463838211605,1.65899862092022,fit_no_move,x,3,10,1995-08-20,1
"x[3,11]",0.7765713224728719,1.225190320239903,1.6865776129704833,fit_no_move,x,3,11,1996-06-20,1
"x[3,12]",2.479836750520481,3.0683185628673963,3.6721267349897437,fit_no_move,x,3,12,1996-08-20,1
"x[3,13]",1.0050634233507814,1.5459927758997196,2.107220855888599,fit_no_move,x,3,13,1997-06-20,1
"x[3,14]",1.4646942608961038,2.0771227679618396,2.703747002699056,fit_no_move,x,3,14,1997-08-20,1
"x[3,15]",0.35094263836403083,0.8033295701600376,1.318958272841695,fit_no_move,x,3,15,1998-06-20,1
"x[3,16]",0.39125084458375947,0.8206933753479065,1.341927561014417,fit_no_move,x,3,16,1998-08-20,1
"x[3,17]",0.49906870041339624,0.9215024970325119,1.409585706103967,fit_no_move,x,3,17,1999-06-20,1
"x[3,18]",0.4558659967267884,0.806488180725867,1.2076566048404958,fit_no_move,x,3,18,1999-08-20,1
"x[3,19]",0.6845312298189296,1.0482761129640208,1.459816185676011,fit_no_move,x,3,19,2000-06-20,1
"x[3,20]",1.1537172943906473,1.6493124620389226,2.1764753359675555,fit_no_move,x,3,20,2000-08-20,1
"x[3,21]",1.8492030158216233,2.4155348070751526,2.9977506941071095,fit_no_move,x,3,21,2001-06-20,1
"x[3,22]",1.6223661109693295,2.1234599277666972,2.6499346090739957,fit_no_move,x,3,22,2001-08-20,1
"x[3,23]",2.0535023440948157,2.609854248896589,3.160447977001549,fit_no_move,x,3,23,2002-06-20,1
"x[3,24]",3.4033697740686355,4.00060750950498,4.588167349702214,fit_no_move,x,3,24,2002-08-20,1
"x[3,25]",1.3165563153791733,1.9309038441802926,2.5583249215767583,fit_no_move,x,3,25,2003-06-20,1
"x[3,26]",0.5057225288001321,1.068099679592616,1.6869362436667559,fit_no_move,x,3,26,2003-08-20,1
"x[3,27]",0.6226417854502478,1.2146790250528867,1.8308123856146108,fit_no_move,x,3,27,2004-06-20,1
"x[3,28]",0.44275557581009994,0.9940058330300676,1.6286074545573428,fit_no_move,x,3,28,2004-08-20,1
"x[3,29]",0.1720279028746996,0.4981078715774293,0.9712529035797228,fit_no_move,x,3,29,2005-06-20,1
"x[3,30]",0.49427441470970596,0.9767366032782125,1.4917996046460098,fit_no_move,x,3,30,2005-08-20,1
"x[3,31]",0.6673335903254508,1.091869554253509,1.5778673710072808,fit_no_move,x,3,31,2006-06-20,1
"x[3,32]",1.3846006539813012,1.893794700679572,2.4560917040581396,fit_no_move,x,3,32,2006-08-20,1
"x[3,33]",1.7195461980040172,2.2299252738242714,2.7451702148871586,fit_no_move,x,3,33,2007-06-20,1
"x[3,34]",1.7850803051717807,2.3427196284705953,2.897404454405867,fit_no_move,x,3,34,2007-08-20,1
"x[3,35]",1.9024225095467504,2.5278260069274374,3.1469858990256943,fit_no_move,x,3,35,2008-06-20,1
"x[3,36]",1.8444599957002525,2.424689168569274,3.0041062380546313,fit_no_move,x,3,36,2008-08-20,1
"x[3,37]",1.9809973769255036,2.5880445843180064,3.242740098253288,fit_no_move,x,3,37,2009-06-20,1
"x[3,38]",1.829590774090657,2.39455918968424,2.9580619194228848,fit_no_move,x,3,38,2009-08-20,1
"x[3,39]",1.6481922253231343,2.184312876550044,2.7346556028552573,fit_no_move,x,3,39,2010-06-20,1
"x[3,40]",2.5226092702754324,3.1053106796105334,3.6842211459570833,fit_no_move,x,3,40,2010-08-20,1
"x[3,41]",2.1679423026049314,2.8002542748046286,3.4432086072851584,fit_no_move,x,3,41,2011-06-20,1
"x[3,42]",0.932810834489903,1.4899421465805713,2.0667378732257946,fit_no_move,x,3,42,2011-08-20,1
"x[3,43]",1.2255378078269503,1.7456450715553251,2.281285544362767,fit_no_move,x,3,43,2012-06-20,1
"x[3,44]",1.244239371887188,1.7795861444082832,2.3349891400435476,fit_no_move,x,3,44,2012-08-20,1
"x[3,45]",2.8239124110393483,3.4740578146244756,4.122578763328834,fit_no_move,x,3,45,2013-06-20,1
"x[3,46]",1.1566652129259563,1.6376763191915709,2.1683093021117057,fit_no_move,x,3,46,2013-08-20,1
"x[3,47]",1.352786151515877,1.8478993661817125,2.335933937082967,fit_no_move,x,3,47,2014-06-20,1
"x[3,48]",1.1696538323699897,1.6786798857145162,2.245049141322405,fit_no_move,x,3,48,2014-08-20,1
"x[3,49]",3.0246168456473663,3.726661914233331,4.440510089377254,fit_no_move,x,3,49,2015-06-20,1
"x[3,50]",0.5655158492378569,0.9457457402828591,1.3590132636343242,fit_no_move,x,3,50,2015-08-20,1
"x[3,51]",0.508833942059468,0.8817026942446962,1.2692894731380766,fit_no_move,x,3,51,2016-06-20,1
"x[3,52]",0.4807543467878542,0.766088804222824,1.138228574017418,fit_no_move,x,3,52,2016-08-20,1
"x[3,53]",0.946739476773496,1.2452938658126853,1.5885122252848767,fit_no_move,x,3,53,2017-06-20,1
"x[3,54]",1.2088046726014348,1.661043868143331,2.1450291714123066,fit_no_move,x,3,54,2017-08-20,1
"x[3,55]",3.8977932360455867,4.5436441687541524,5.190493240904448,fit_no_move,x,3,55,2018-06-20,1
"x[3,56]",2.008191702041986,2.5623062900137943,3.1183380193545522,fit_no_move,x,3,56,2018-08-20,1
"x[3,57]",0.567837133254038,1.110375273159989,1.7021445741527892,fit_no_move,x,3,57,2019-06-20,1
"x[3,58]",1.127794366686152,1.7408385769578105,2.3115841236269365,fit_no_move,x,3,58,2019-08-20,1
"x[3,59]",1.547455684903099,2.142420845621967,2.7170173814962637,fit_no_move,x,3,59,2020-06-20,1
"x[3,60]",2.118786493174668,2.7572937475120303,3.401627974913861,fit_no_move,x,3,60,2020-08-20,1
"x[4,1]",0.7938664624777656,1.1456350272568216,1.5836921771883952,fit_no_move,x,4,1,1991-06-20,1
"x[4,2]",1.076096951011629,1.4057793286930522,1.8144557257954563,fit_no_move,x,4,2,1991-08-20,1
"x[4,3]",0.8017491728169457,1.1486355364991114,1.5665340123453915,fit_no_move,x,4,3,1992-06-20,1
"x[4,4]",0.6711988197117724,1.0126679248807142,1.397284047569679,fit_no_move,x,4,4,1992-08-20,1
"x[4,5]",0.4558985742428525,0.7600373903589063,1.1568120948192686,fit_no_move,x,4,5,1993-06-20,1
"x[4,6]",0.3270528933891387,0.5574895864686269,0.861671801483644,fit_no_move,x,4,6,1993-08-20,1
"x[4,7]",0.26324178656547365,0.432695037298478,0.6643153240965842,fit_no_move,x,4,7,1994-06-20,1
"x[4,8]",0.29708404907526587,0.4725259672380502,0.69668138321165,fit_no_move,x,4,8,1994-08-20,1
"x[4,9]",0.37131950844882594,0.5482039317507821,0.7869420525994264,fit_no_move,x,4,9,1995-06-20,1
"x[4,10]",0.49064624952815855,0.7503270358763094,1.099904537849145,fit_no_move,x,4,10,1995-08-20,1
"x[4,11]",0.9776981096388437,1.2966532833757114,1.651950992511556,fit_no_move,x,4,11,1996-06-20,1
"x[4,12]",0.9992083177792744,1.4104327479410106,1.8591958633796677,fit_no_move,x,4,12,1996-08-20,1
"x[4,13]",1.7464444509024206,2.2580819249202007,2.7934644816187406,fit_no_move,x,4,13,1997-06-20,1
"x[4,14]",1.0492657328533377,1.482092632840094,1.960258156371564,fit_no_move,x,4,14,1997-08-20,1
"x[4,15]",0.8386374362667329,1.2092336871395022,1.6375057686800936,fit_no_move,x,4,15,1998-06-20,1
"x[4,16]",0.4767294610341141,0.7504601543555207,1.1166739181200487,fit_no_move,x,4,16,1998-08-20,1
"x[4,17]",0.3593391893553751,0.5904161099241888,0.922735660219739,fit_no_move,x,4,17,1999-06-20,1
"x[4,18]",0.3680439326087393,0.5731278251814702,0.8606531123027048,fit_no_move,x,4,18,1999-08-20,1
"x[4,19]",0.4388447810001119,0.6449497690640373,0.8985725449417314,fit_no_move,x,4,19,2000-06-20,1
"x[4,20]",0.6450598382766075,0.8727932138544805,1.1632683062432219,fit_no_move,x,4,20,2000-08-20,1
"x[4,21]",0.8189782876418434,1.1257820757404,1.5069546676475258,fit_no_move,x,4,21,2001-06-20,1
"x[4,22]",1.274458902839028,1.6737975174763848,2.1236674943193488,fit_no_move,x,4,22,2001-08-20,1
"x[4,23]",1.961095687589192,2.3851849902078825,2.822641066164949,fit_no_move,x,4,23,2002-06-20,1
"x[4,24]",3.104769844298438,3.5985936482440475,4.110955560364157,fit_no_move,x,4,24,2002-08-20,1
"x[4,25]",5.016321879433468,5.5463882697818425,6.091441217604331,fit_no_move,x,4,25,2003-06-20,1
"x[4,26]",4.852094384271693,5.414110547000558,5.968119895647807,fit_no_move,x,4,26,2003-08-20,1
"x[4,27]",3.560331144135428,4.087080096712993,4.635445902521306,fit_no_move,x,4,27,2004-06-20,1
"x[4,28]",3.0912189512605193,3.659938504495634,4.225326119473452,fit_no_move,x,4,28,2004-08-20,1
"x[4,29]",1.5788036560955483,2.043559979276546,2.5532143705537376,fit_no_move,x,4,29,2005-06-20,1
"x[4,30]",0.6541248225331311,0.9658812869501181,1.332470028971467,fit_no_move,x,4,30,2005-08-20,1
"x[4,31]",0.6447041036542572,0.9054623770274278,1.2346813353272676,fit_no_move,x,4,31,2006-06-20,1
"x[4,32]",0.689522526336843,0.9216180602089991,1.2077827721328578,fit_no_move,x,4,32,2006-08-20,1
"x[4,33]",0.9913926742368067,1.320270320528861,1.7103192782535772,fit_no_move,x,4,33,2007-06-20,1
"x[4,34]",1.8426172985982379,2.3546521384677765,2.864903532703615,fit_no_move,x,4,34,2007-08-20,1
"x[4,35]",1.9276753101126713,2.441780946212993,2.962016493443542,fit_no_move,x,4,35,2008-06-20,1
"x[4,36]",1.5381963861757182,1.9525803430324804,2.4112745126924953,fit_no_move,x,4,36,2008-08-20,1
"x[4,37]",1.4808940606559058,1.9516420623029942,2.4719895178652176,fit_no_move,x,4,37,2009-06-20,1
"x[4,38]",1.254918085194403,1.649333523810883,2.0761992022500606,fit_no_move,x,4,38,2009-08-20,1
"x[4,39]",1.5736469452323147,2.025074378305231,2.491611425088416,fit_no_move,x,4,39,2010-06-20,1
"x[4,40]",1.57598136916417,2.025518468300858,2.5037484838079345,fit_no_move,x,4,40,2010-08-20,1
"x[4,41]",2.162216144062507,2.7668141899220364,3.354352238382818,fit_no_move,x,4,41,2011-06-20,1
"x[4,42]",1.1516725159037304,1.5362584590776118,1.952056220364946,fit_no_move,x,4,42,2011-08-20,1
"x[4,43]",0.6932439156577977,1.0532024950575858,1.474302949116395,fit_no_move,x,4,43,2012-06-20,1
"x[4,44]",0.8259067478498159,1.0820886442323052,1.3892767985345302,fit_no_move,x,4,44,2012-08-20,1
"x[4,45]",0.4481401370702897,0.6751185680114824,0.9750258158632275,fit_no_move,x,4,45,2013-06-20,1
"x[4,46]",0.5414018594831397,0.8208477990778928,1.197825548074999,fit_no_move,x,4,46,2013-08-20,1
"x[4,47]",0.37390968926412127,0.6138299494119901,0.9427227806204261,fit_no_move,x,4,47,2014-06-20,1
"x[4,48]",0.7038270147361878,0.9395640431058119,1.2280462764815405,fit_no_move,x,4,48,2014-08-20,1
"x[4,49]",0.26849032593653416,0.45338949742299484,0.7439993505138606,fit_no_move,x,4,49,2015-06-20,1
"x[4,50]",0.3100878168444118,0.5428067585498388,0.9052408645524401,fit_no_move,x,4,50,2015-08-20,1
"x[4,51]",0.18532198610722242,0.3265367770566298,0.5475689135376527,fit_no_move,x,4,51,2016-06-20,1
"x[4,52]",0.268759732168808,0.3985701880174518,0.57123023123227,fit_no_move,x,4,52,2016-08-20,1
"x[4,53]",0.3272752893068949,0.48866247862405937,0.7219278826819809,fit_no_move,x,4,53,2017-06-20,1
"x[4,54]",0.9110158928860839,1.125578804688478,1.379093986760066,fit_no_move,x,4,54,2017-08-20,1
"x[4,55]",0.9646335903712313,1.2759584497189933,1.657769858122668,fit_no_move,x,4,55,2018-06-20,1
"x[4,56]",2.151729562208282,2.6971138621234276,3.2648647138261038,fit_no_move,x,4,56,2018-08-20,1
"x[4,57]",2.194796215116666,2.715157783645276,3.2492058904794896,fit_no_move,x,4,57,2019-06-20,1
"x[4,58]",1.350864115244173,1.8071825328238078,2.2909085506660034,fit_no_move,x,4,58,2019-08-20,1
"x[4,59]",1.50232483975547,1.9657361760960494,2.463551666859374,fit_no_move,x,4,59,2020-06-20,1
"x[4,60]",1.4214948071593487,1.9467676851766957,2.493909737706087,fit_no_move,x,4,60,2020-08-20,1
"x[1,1]",0.19883151165628854,0.6391131985491872,1.2687271017436252,fit_null,x,1,1,1991-06-20,2
"x[1,2]",0.32033442784854355,0.6835332280511027,1.241781480476822,fit_null,x,1,2,1991-08-20,2
"x[1,3]",0.5198437396725455,0.6821622599639212,1.0116858834308224,fit_null,x,1,3,1992-06-20,2
"x[1,4]",0.47712099909394456,0.5994006997950464,0.821234963923331,fit_null,x,1,4,1992-08-20,2
"x[1,5]",0.504260426012664,0.6181025525732304,0.792139636321945,fit_null,x,1,5,1993-06-20,2
"x[1,6]",0.4897120129479482,0.5895739014719978,0.721165330415587,fit_null,x,1,6,1993-08-20,2
"x[1,7]",0.49569401298789484,0.5938964152801467,0.7170756918782327,fit_null,x,1,7,1994-06-20,2
"x[1,8]",0.4897446347480013,0.5816684512416593,0.6872902582677156,fit_null,x,1,8,1994-08-20,2
"x[1,9]",0.4913450350974591,0.5828401221538122,0.6857627272408103,fit_null,x,1,9,1995-06-20,2
"x[1,10]",0.48823488933114895,0.576121561988677,0.6720520864472391,fit_null,x,1,10,1995-08-20,2
"x[1,11]",0.48854073629754896,0.5767460107897,0.6708933511746,fit_null,x,1,11,1996-06-20,2
"x[1,12]",0.4871367744110675,0.5734310471738691,0.6638009198442265,fit_null,x,1,12,1996-08-20,2
"x[1,13]",0.4865269541173548,0.5737745952050979,0.6629685081695,fit_null,x,1,13,1997-06-20,2
"x[1,14]",0.48614420545062204,0.5721463512041634,0.659142273446947,fit_null,x,1,14,1997-08-20,2
"x[1,15]",0.4865704557240745,0.5725436973290978,0.6597696453470374,fit_null,x,1,15,1998-06-20,2
"x[1,16]",0.4868686119354619,0.5719124443268621,0.6574782992635111,fit_null,x,1,16,1998-08-20,2
"x[1,17]",0.4873787847163144,0.5724496179889437,0.6572692603875985,fit_null,x,1,17,1999-06-20,2
"x[1,18]",0.4875718907041541,0.5722394971948765,0.6558560470843189,fit_null,x,1,18,1999-08-20,2
"x[1,19]",0.4875456728684645,0.5729651670511129,0.6564525740499761,fit_null,x,1,19,2000-06-20,2
"x[1,20]",0.4879290419502514,0.573031166660583,0.6558655871653344,fit_null,x,1,20,2000-08-20,2
"x[1,21]",0.4885435880921113,0.5736297193499771,0.6562981029928988,fit_null,x,1,21,2001-06-20,2
"x[1,22]",0.4894970265716821,0.5738851038158376,0.6556445916771956,fit_null,x,1,22,2001-08-20,2
"x[1,23]",0.4904616045981258,0.5744196472736011,0.6565948418608604,fit_null,x,1,23,2002-06-20,2
"x[1,24]",0.4913824812468166,0.5746845165455925,0.6566862441960233,fit_null,x,1,24,2002-08-20,2
"x[1,25]",0.49187252033639894,0.5753914919422828,0.657431944620414,fit_null,x,1,25,2003-06-20,2
"x[1,26]",0.49240970636077636,0.5754104055938207,0.6573461009763658,fit_null,x,1,26,2003-08-20,2
"x[1,27]",0.49248274218037785,0.5759966313980915,0.6582801153626967,fit_null,x,1,27,2004-06-20,2
"x[1,28]",0.4930807126623148,0.5768451098173534,0.6590003347351916,fit_null,x,1,28,2004-08-20,2
"x[1,29]",0.49356650527573503,0.5775348994680746,0.6598985795466422,fit_null,x,1,29,2005-06-20,2
"x[1,30]",0.4941097903748198,0.5781993727181307,0.6606433950984725,fit_null,x,1,30,2005-08-20,2
"x[1,31]",0.4944527507247554,0.5788521702243958,0.6611627997221724,fit_null,x,1,31,2006-06-20,2
"x[1,32]",0.49517468677776433,0.5791921736644987,0.661795616698361,fit_null,x,1,32,2006-08-20,2
"x[1,33]",0.495783966525379,0.5798404859986128,0.66270975810067,fit_null,x,1,33,2007-06-20,2
"x[1,34]",0.4962571222932229,0.5806751124450596,0.663724730436997,fit_null,x,1,34,2007-08-20,2
"x[1,35]",0.4967402110993393,0.5812217684242565,0.6647671777301555,fit_null,x,1,35,2008-06-20,2
"x[1,36]",0.49759183457718736,0.5816122355566731,0.6659231493599522,fit_null,x,1,36,2008-08-20,2
"x[1,37]",0.49795613848855375,0.5822759137668008,0.6670549348933681,fit_null,x,1,37,2009-06-20,2
"x[1,38]",0.49867697634432795,0.5829448382172597,0.6682254936630139,fit_null,x,1,38,2009-08-20,2
"x[1,39]",0.49938512526786866,0.5835733195046017,0.6692206198557057,fit_null,x,1,39,2010-06-20,2
"x[1,40]",0.499629675357244,0.5841724490008149,0.6704866922335808,fit_null,x,1,40,2010-08-20,2
"x[1,41]",0.5003591468248021,0.5849074458061956,0.6714865043025371,fit_null,x,1,41,2011-06-20,2
"x[1,42]",0.5010343691036124,0.5856274162388185,0.6728712164228684,fit_null,x,1,42,2011-08-20,2
"x[1,43]",0.5016601720440395,0.5860992935496145,0.6738798585068682,fit_null,x,1,43,2012-06-20,2
"x[1,44]",0.5023930037330173,0.5868350194638641,0.6752025590020257,fit_null,x,1,44,2012-08-20,2
"x[1,45]",0.5025992949584243,0.5874818371504583,0.6765430423142421,fit_null,x,1,45,2013-06-20,2
"x[1,46]",0.5037462663727746,0.588046011428931,0.677934985232773,fit_null,x,1,46,2013-08-20,2
"x[1,47]",0.5038706731971507,0.5888441397228747,0.6792267781822693,fit_null,x,1,47,2014-06-20,2
"x[1,48]",0.5040172000560413,0.5892771309996543,0.6809129169280089,fit_null,x,1,48,2014-08-20,2
"x[1,49]",0.5043813790884912,0.5904448677839046,0.682170954294949,fit_null,x,1,49,2015-06-20,2
"x[1,50]",0.505144170419638,0.5911237168150654,0.6834861058199863,fit_null,x,1,50,2015-08-20,2
"x[1,51]",0.5056459168786416,0.5917434174222935,0.6849095464023963,fit_null,x,1,51,2016-06-20,2
"x[1,52]",0.5057083267423687,0.5924402276497818,0.6859916327124012,fit_null,x,1,52,2016-08-20,2
"x[1,53]",0.5058744103212629,0.5934458556113322,0.687385604718398,fit_null,x,1,53,2017-06-20,2
"x[1,54]",0.506031807462558,0.5943874527250748,0.6886871446511538,fit_null,x,1,54,2017-08-20,2
"x[1,55]",0.5066232663666747,0.595304218646199,0.6903926070008422,fit_null,x,1,55,2018-06-20,2
"x[1,56]",0.5067134236561762,0.5961137825704136,0.6921814527751549,fit_null,x,1,56,2018-08-20,2
"x[1,57]",0.5069424574661138,0.5967763146175866,0.693752170877101,fit_null,x,1,57,2019-06-20,2
"x[1,58]",0.5070883749587723,0.5975458561448295,0.6951272677436815,fit_null,x,1,58,2019-08-20,2
"x[1,59]",0.507465332106927,0.5982137801430866,0.6967856636987515,fit_null,x,1,59,2020-06-20,2
"x[1,60]",0.5073879120714397,0.5990429908077448,0.6982592261606448,fit_null,x,1,60,2020-08-20,2
"x[2,1]",0.20886142031297775,0.5727283071914022,1.0460335750204008,fit_null,x,2,1,1991-06-20,2
"x[2,2]",0.44492413618198917,0.5761527739568362,0.7760280481522722,fit_null,x,2,2,1991-08-20,2
"x[2,3]",0.4030383054753632,0.5107708170533003,0.6433319939450911,fit_null,x,2,3,1992-06-20,2
"x[2,4]",0.4296972418286415,0.5290226055844506,0.6485211529378233,fit_null,x,2,4,1992-08-20,2
"x[2,5]",0.4111681423323146,0.5023169851297289,0.6012698275126768,fit_null,x,2,5,1993-06-20,2
"x[2,6]",0.4158269068537901,0.5088559234064544,0.6102847748736394,fit_null,x,2,6,1993-08-20,2
"x[2,7]",0.4070758059929909,0.4983548777364911,0.5901852314478935,fit_null,x,2,7,1994-06-20,2
"x[2,8]",0.408744986007943,0.5006924851670551,0.5942516925830387,fit_null,x,2,8,1994-08-20,2
"x[2,9]",0.4051388326557708,0.4946597857253757,0.5851832009258284,fit_null,x,2,9,1995-06-20,2
"x[2,10]",0.4062643607947205,0.4963770389366308,0.5891561537148936,fit_null,x,2,10,1995-08-20,2
"x[2,11]",0.40401713217765356,0.4933254338303003,0.5845796551361802,fit_null,x,2,11,1996-06-20,2
"x[2,12]",0.40532854756629044,0.49449552175449857,0.5857053117008754,fit_null,x,2,12,1996-08-20,2
"x[2,13]",0.40386952667924503,0.492703410351588,0.5824274502096848,fit_null,x,2,13,1997-06-20,2
"x[2,14]",0.40472141725090527,0.4937414457705872,0.5832029215505591,fit_null,x,2,14,1997-08-20,2
"x[2,15]",0.40405293925051095,0.4927236200171247,0.5817072196328632,fit_null,x,2,15,1998-06-20,2
"x[2,16]",0.4045795817004437,0.4935747312118076,0.5827925310918399,fit_null,x,2,16,1998-08-20,2
"x[2,17]",0.4041068294027913,0.4933313729694667,0.5824978376409063,fit_null,x,2,17,1999-06-20,2
"x[2,18]",0.40471171626895863,0.49414387128555587,0.5829593067023211,fit_null,x,2,18,1999-08-20,2
"x[2,19]",0.4047177750436552,0.4940322293873951,0.583053222501201,fit_null,x,2,19,2000-06-20,2
"x[2,20]",0.4055819237264941,0.494760494959085,0.5837932973013805,fit_null,x,2,20,2000-08-20,2
"x[2,21]",0.4052718782986382,0.4951114154371134,0.5842185976557777,fit_null,x,2,21,2001-06-20,2
"x[2,22]",0.4064545645908696,0.4957014184936144,0.5848060517106664,fit_null,x,2,22,2001-08-20,2
"x[2,23]",0.40672556323598374,0.49652967283931126,0.5854069128750404,fit_null,x,2,23,2002-06-20,2
"x[2,24]",0.4068741944943699,0.49708868191533645,0.5860391172774151,fit_null,x,2,24,2002-08-20,2
"x[2,25]",0.4074750467104271,0.4973117208115555,0.5866006569624591,fit_null,x,2,25,2003-06-20,2
"x[2,26]",0.407790355905995,0.4975364382239496,0.587283159811266,fit_null,x,2,26,2003-08-20,2
"x[2,27]",0.40797435717585745,0.4981540590542485,0.588073344093285,fit_null,x,2,27,2004-06-20,2
"x[2,28]",0.4084151585679002,0.49904456158326604,0.588710602920436,fit_null,x,2,28,2004-08-20,2
"x[2,29]",0.4090807230777147,0.49998440466517324,0.58958559575652,fit_null,x,2,29,2005-06-20,2
"x[2,30]",0.40947457403270393,0.5005671144390058,0.5900417401321055,fit_null,x,2,30,2005-08-20,2
"x[2,31]",0.4098689713571456,0.5010582781511175,0.5909592287772041,fit_null,x,2,31,2006-06-20,2
"x[2,32]",0.41037732472456834,0.5018427597374469,0.5916703875594366,fit_null,x,2,32,2006-08-20,2
"x[2,33]",0.4107811617120538,0.5025715617326927,0.592535603940718,fit_null,x,2,33,2007-06-20,2
"x[2,34]",0.41113057523374713,0.5030688366012726,0.5933881971366367,fit_null,x,2,34,2007-08-20,2
"x[2,35]",0.41127200025640337,0.5039670763577138,0.5940822353403442,fit_null,x,2,35,2008-06-20,2
"x[2,36]",0.41154708988868793,0.5046141846449881,0.5954174034226736,fit_null,x,2,36,2008-08-20,2
"x[2,37]",0.41171716744776504,0.5052771339955859,0.5965898102048875,fit_null,x,2,37,2009-06-20,2
"x[2,38]",0.41239556266149097,0.5055893224395338,0.5976311043141996,fit_null,x,2,38,2009-08-20,2
"x[2,39]",0.4128759593810167,0.5063748101451966,0.5987038325416545,fit_null,x,2,39,2010-06-20,2
"x[2,40]",0.4131203749088136,0.5072313481977626,0.5998759810885368,fit_null,x,2,40,2010-08-20,2
"x[2,41]",0.4132950834089949,0.5078659603107576,0.6006532058879454,fit_null,x,2,41,2011-06-20,2
"x[2,42]",0.413637523583508,0.5086269246375915,0.6015384374849407,fit_null,x,2,42,2011-08-20,2
"x[2,43]",0.4139886079939594,0.5093417633362278,0.6027012817078572,fit_null,x,2,43,2012-06-20,2
"x[2,44]",0.4142812231936594,0.5100404900521733,0.6041114184986307,fit_null,x,2,44,2012-08-20,2
"x[2,45]",0.41465080484300487,0.5106086240919865,0.6052076431541988,fit_null,x,2,45,2013-06-20,2
"x[2,46]",0.41500537995598824,0.5112792699387014,0.6060796712251868,fit_null,x,2,46,2013-08-20,2
"x[2,47]",0.4153596789214328,0.511602312282009,0.6072869140187197,fit_null,x,2,47,2014-06-20,2
"x[2,48]",0.415428378020619,0.512499548066778,0.608488498228114,fit_null,x,2,48,2014-08-20,2
"x[2,49]",0.41565987776026825,0.513099853592701,0.6096234206908907,fit_null,x,2,49,2015-06-20,2
"x[2,50]",0.4159030343913839,0.5138434224895849,0.6108106239102038,fit_null,x,2,50,2015-08-20,2
"x[2,51]",0.41633843745151333,0.5145361422943062,0.6117659026779265,fit_null,x,2,51,2016-06-20,2
"x[2,52]",0.4164711412290525,0.5150255880286235,0.6127170566103544,fit_null,x,2,52,2016-08-20,2
"x[2,53]",0.41658361468653904,0.5157708764573256,0.6139984382706896,fit_null,x,2,53,2017-06-20,2
"x[2,54]",0.41683395447704885,0.5162285562426223,0.61543391136874,fit_null,x,2,54,2017-08-20,2
"x[2,55]",0.4171280877101434,0.5170034272929565,0.6158426374991856,fit_null,x,2,55,2018-06-20,2
"x[2,56]",0.4174157733829828,0.5179763425739459,0.6173706138117384,fit_null,x,2,56,2018-08-20,2
"x[2,57]",0.41758568609555746,0.5184102770319959,0.6184957725611041,fit_null,x,2,57,2019-06-20,2
"x[2,58]",0.4178059698300126,0.51918165106083,0.6197991665489576,fit_null,x,2,58,2019-08-20,2
"x[2,59]",0.41806552027593774,0.519522939796985,0.6208362724014698,fit_null,x,2,59,2020-06-20,2
"x[2,60]",0.41823610121653976,0.5200697022769883,0.6222379697412169,fit_null,x,2,60,2020-08-20,2
"x[3,1]",1.6074389069973096,2.3687421880579125,3.1289611806326687,fit_null,x,3,1,1991-06-20,1
"x[3,2]",1.0603639527389976,1.502253310421363,1.9588071706394419,fit_null,x,3,2,1991-08-20,1
"x[3,3]",1.5000400607829407,1.7680692028019718,2.0247395301217996,fit_null,x,3,3,1992-06-20,1
"x[3,4]",1.4681033298864226,1.6770903582780812,1.8621425332351729,fit_null,x,3,4,1992-08-20,1
"x[3,5]",1.5754092220474174,1.7552881239144238,1.9308832919670544,fit_null,x,3,5,1993-06-20,1
"x[3,6]",1.5675139416328476,1.7335092519000426,1.8937837686981362,fit_null,x,3,6,1993-08-20,1
"x[3,7]",1.6127022189007423,1.7679506231142808,1.923956618719938,fit_null,x,3,7,1994-06-20,1
"x[3,8]",1.6132447909003154,1.763079828206874,1.9126704379888795,fit_null,x,3,8,1994-08-20,1
"x[3,9]",1.6369057552927213,1.7804793676555475,1.9262593483038395,fit_null,x,3,9,1995-06-20,1
"x[3,10]",1.6422542740862274,1.779658285651241,1.9215043138399839,fit_null,x,3,10,1995-08-20,1
"x[3,11]",1.6556759625623827,1.7908328033519165,1.9289498292311442,fit_null,x,3,11,1996-06-20,1
"x[3,12]",1.6604140650834742,1.7930681771604284,1.927604450751619,fit_null,x,3,12,1996-08-20,1
"x[3,13]",1.6702651719992563,1.8007818898124328,1.9331663290520136,fit_null,x,3,13,1997-06-20,1
"x[3,14]",1.6756237318303924,1.8035658449619714,1.9336338172171192,fit_null,x,3,14,1997-08-20,1
"x[3,15]",1.6825916616772778,1.8087517872467584,1.936166193324933,fit_null,x,3,15,1998-06-20,1
"x[3,16]",1.6865904594128103,1.8112503366314372,1.9372506385967954,fit_null,x,3,16,1998-08-20,1
"x[3,17]",1.6929479325637826,1.815952482977948,1.9404244775491932,fit_null,x,3,17,1999-06-20,1
"x[3,18]",1.6970510635166023,1.819175568095969,1.9416734474343271,fit_null,x,3,18,1999-08-20,1
"x[3,19]",1.7027230947531957,1.8231315114158668,1.944095585090345,fit_null,x,3,19,2000-06-20,1
"x[3,20]",1.7073184836325648,1.8266277538008042,1.9449520221591752,fit_null,x,3,20,2000-08-20,1
"x[3,21]",1.712407414547784,1.8299494266500949,1.947461907252635,fit_null,x,3,21,2001-06-20,1
"x[3,22]",1.7165245710241752,1.8328229222543957,1.9486917486756332,fit_null,x,3,22,2001-08-20,1
"x[3,23]",1.7199451987484384,1.8364314155475485,1.9500708590903395,fit_null,x,3,23,2002-06-20,1
"x[3,24]",1.7235069107880394,1.839287271902156,1.952124235771783,fit_null,x,3,24,2002-08-20,1
"x[3,25]",1.727641103500059,1.8423141217902477,1.9543197045471685,fit_null,x,3,25,2003-06-20,1
"x[3,26]",1.7313291702875078,1.8449610313496265,1.9563798701126753,fit_null,x,3,26,2003-08-20,1
"x[3,27]",1.735191888175927,1.8473966804785549,1.9588658867358018,fit_null,x,3,27,2004-06-20,1
"x[3,28]",1.7381666054662563,1.850013073082195,1.9608746994143043,fit_null,x,3,28,2004-08-20,1
"x[3,29]",1.7415953959245236,1.8520930084807459,1.9632807916611128,fit_null,x,3,29,2005-06-20,1
"x[3,30]",1.7447731014898364,1.854691644175,1.9656345945050158,fit_null,x,3,30,2005-08-20,1
"x[3,31]",1.746780714985922,1.857171805425216,1.9685995353919727,fit_null,x,3,31,2006-06-20,1
"x[3,32]",1.7485366083825697,1.8595700411378084,1.97249624244672,fit_null,x,3,32,2006-08-20,1
"x[3,33]",1.7505480927612513,1.8619391823590712,1.9753021321988469,fit_null,x,3,33,2007-06-20,1
"x[3,34]",1.7522233364398065,1.8645760736809192,1.9787800448192838,fit_null,x,3,34,2007-08-20,1
"x[3,35]",1.75380505001268,1.8670572843953748,1.9825682767290789,fit_null,x,3,35,2008-06-20,1
"x[3,36]",1.7551219506873803,1.8700300768021136,1.9869199813955505,fit_null,x,3,36,2008-08-20,1
"x[3,37]",1.7568569870875785,1.8722305974761435,1.9897418635861066,fit_null,x,3,37,2009-06-20,1
"x[3,38]",1.758264578932885,1.8745989582256846,1.9939832147437302,fit_null,x,3,38,2009-08-20,1
"x[3,39]",1.7600832687478511,1.8773013062787252,1.9976066682784368,fit_null,x,3,39,2010-06-20,1
"x[3,40]",1.7613885573333947,1.8802477123296324,2.0025901406369533,fit_null,x,3,40,2010-08-20,1
"x[3,41]",1.7628431871758639,1.8834277726270914,2.0071933794952725,fit_null,x,3,41,2011-06-20,1
"x[3,42]",1.7647155440725855,1.8860989263543686,2.0112846389640775,fit_null,x,3,42,2011-08-20,1
"x[3,43]",1.7652784751477448,1.8894757203630124,2.0159404727308954,fit_null,x,3,43,2012-06-20,1
"x[3,44]",1.7662621374228824,1.8920073792047927,2.021395799913547,fit_null,x,3,44,2012-08-20,1
"x[3,45]",1.7674432431317846,1.8952564279467525,2.026556380675526,fit_null,x,3,45,2013-06-20,1
"x[3,46]",1.7681224311549402,1.8980839062939299,2.031805822324368,fit_null,x,3,46,2013-08-20,1
"x[3,47]",1.768501708511213,1.9004312230247056,2.036180584656861,fit_null,x,3,47,2014-06-20,1
"x[3,48]",1.7679067129576358,1.9036989848202999,2.0420170648787312,fit_null,x,3,48,2014-08-20,1
"x[3,49]",1.7673925207463619,1.9058552120827705,2.048700743375317,fit_null,x,3,49,2015-06-20,1
"x[3,50]",1.7669071513099133,1.9084658432386867,2.054623478497381,fit_null,x,3,50,2015-08-20,1
"x[3,51]",1.7670150380099388,1.9107220911261478,2.059705374365282,fit_null,x,3,51,2016-06-20,1
"x[3,52]",1.7661875949808654,1.9133225137721424,2.0653987580876247,fit_null,x,3,52,2016-08-20,1
"x[3,53]",1.7656113124386033,1.9164372183353713,2.0720705964184583,fit_null,x,3,53,2017-06-20,1
"x[3,54]",1.7645598907230153,1.9184501802703453,2.0777803486646187,fit_null,x,3,54,2017-08-20,1
"x[3,55]",1.7648142568284502,1.9208385417913538,2.084686615544072,fit_null,x,3,55,2018-06-20,1
"x[3,56]",1.7645342483198145,1.9229282106547725,2.0908872237679907,fit_null,x,3,56,2018-08-20,1
"x[3,57]",1.7632080270139072,1.9251363455197759,2.0970274486200986,fit_null,x,3,57,2019-06-20,1
"x[3,58]",1.7629029700262402,1.928324542739718,2.1035058720627173,fit_null,x,3,58,2019-08-20,1
"x[3,59]",1.7619995633827408,1.9310808672249544,2.1098524578880613,fit_null,x,3,59,2020-06-20,1
"x[3,60]",1.7612797241038163,1.9337037627677507,2.1156282675761644,fit_null,x,3,60,2020-08-20,1
"x[4,1]",0.48049238385873255,0.986313714331958,1.5272615586455804,fit_null,x,4,1,1991-06-20,1
"x[4,2]",1.2474465422335048,1.5091386557767228,1.7641468160801883,fit_null,x,4,2,1991-08-20,1
"x[4,3]",1.219761382801703,1.4124355183286346,1.5832132620737716,fit_null,x,4,3,1992-06-20,1
"x[4,4]",1.3347678693845562,1.4944587701597831,1.6573737387660505,fit_null,x,4,4,1992-08-20,1
"x[4,5]",1.317818777948041,1.4690547251239705,1.621053872820351,fit_null,x,4,5,1993-06-20,1
"x[4,6]",1.361255885279299,1.5031020132485242,1.6473827876439298,fit_null,x,4,6,1993-08-20,1
"x[4,7]",1.3567463752026157,1.4948744290558809,1.6364874236220015,fit_null,x,4,7,1994-06-20,1
"x[4,8]",1.3772760750178163,1.5110574807520691,1.6486395490052246,fit_null,x,4,8,1994-08-20,1
"x[4,9]",1.3774295216405192,1.5095203314036119,1.6449571984470546,fit_null,x,4,9,1995-06-20,1
"x[4,10]",1.3889751079544994,1.5186380232723713,1.6524411735827713,fit_null,x,4,10,1995-08-20,1
"x[4,11]",1.3919684088455784,1.5198056140001848,1.6514387223572466,fit_null,x,4,11,1996-06-20,1
"x[4,12]",1.3998485149786435,1.5264570898582512,1.6556343563024227,fit_null,x,4,12,1996-08-20,1
"x[4,13]",1.402664032398109,1.527465841880891,1.6561552497988976,fit_null,x,4,13,1997-06-20,1
"x[4,14]",1.4087583481381891,1.5328243393828407,1.6596541673481904,fit_null,x,4,14,1997-08-20,1
"x[4,15]",1.412575654204535,1.5351424572216184,1.6596492822357891,fit_null,x,4,15,1998-06-20,1
"x[4,16]",1.417569715577421,1.5384047127260279,1.6619230194629568,fit_null,x,4,16,1998-08-20,1
"x[4,17]",1.420926841141312,1.541443914878494,1.6628947764374369,fit_null,x,4,17,1999-06-20,1
"x[4,18]",1.424694073727437,1.5448450105044993,1.6652403879751645,fit_null,x,4,18,1999-08-20,1
"x[4,19]",1.42907563681766,1.5467297946858176,1.6660563339509404,fit_null,x,4,19,2000-06-20,1
"x[4,20]",1.4327258354404213,1.5500830965356651,1.6674925976752974,fit_null,x,4,20,2000-08-20,1
"x[4,21]",1.4358648101049944,1.5522465613516525,1.6688335033129582,fit_null,x,4,21,2001-06-20,1
"x[4,22]",1.4393663423607517,1.5550956136407306,1.670092386768247,fit_null,x,4,22,2001-08-20,1
"x[4,23]",1.4429442913398107,1.5572079527335414,1.6704438839010451,fit_null,x,4,23,2002-06-20,1
"x[4,24]",1.445859454187971,1.5599852362994517,1.671773021628665,fit_null,x,4,24,2002-08-20,1
"x[4,25]",1.4486522172952863,1.561972407974574,1.6732152135142457,fit_null,x,4,25,2003-06-20,1
"x[4,26]",1.4512345254484158,1.5643153984794365,1.6756140400657433,fit_null,x,4,26,2003-08-20,1
"x[4,27]",1.4538794112634377,1.566025136706675,1.677472772847567,fit_null,x,4,27,2004-06-20,1
"x[4,28]",1.4565366806072697,1.5679938797690631,1.6791170030521956,fit_null,x,4,28,2004-08-20,1
"x[4,29]",1.4584987975217303,1.5698174949840333,1.6815819315879474,fit_null,x,4,29,2005-06-20,1
"x[4,30]",1.4612813752800116,1.5726091558441446,1.683889354893275,fit_null,x,4,30,2005-08-20,1
"x[4,31]",1.4631249918514908,1.5748013189799002,1.68593570159097,fit_null,x,4,31,2006-06-20,1
"x[4,32]",1.4653567334370536,1.5772698497850475,1.6876458637527998,fit_null,x,4,32,2006-08-20,1
"x[4,33]",1.4670815911186836,1.5794846137470384,1.6898406006271378,fit_null,x,4,33,2007-06-20,1
"x[4,34]",1.4697615813626248,1.5817637136349245,1.6923316672590902,fit_null,x,4,34,2007-08-20,1
"x[4,35]",1.4715057337926045,1.583834425743622,1.6956664842847387,fit_null,x,4,35,2008-06-20,1
"x[4,36]",1.4734047770911491,1.5855447145783166,1.698318521949146,fit_null,x,4,36,2008-08-20,1
"x[4,37]",1.4753040066076246,1.5881426036582273,1.7011174996639447,fit_null,x,4,37,2009-06-20,1
"x[4,38]",1.476833384421566,1.5900587060506042,1.7041213316741044,fit_null,x,4,38,2009-08-20,1
"x[4,39]",1.4783672719027514,1.5919022564833694,1.7065542762772417,fit_null,x,4,39,2010-06-20,1
"x[4,40]",1.4790777392586372,1.5940479324150612,1.7101849058406304,fit_null,x,4,40,2010-08-20,1
"x[4,41]",1.4797439725726276,1.5963051884725292,1.7139993888080531,fit_null,x,4,41,2011-06-20,1
"x[4,42]",1.4807424702831486,1.5986450966610226,1.7170129500657831,fit_null,x,4,42,2011-08-20,1
"x[4,43]",1.481811905789092,1.6009410836303442,1.7206220207001262,fit_null,x,4,43,2012-06-20,1
"x[4,44]",1.4826504018644928,1.6030352374066807,1.7240127280097162,fit_null,x,4,44,2012-08-20,1
"x[4,45]",1.4831987032828566,1.6047706807849682,1.7282826399054896,fit_null,x,4,45,2013-06-20,1
"x[4,46]",1.48323249241436,1.6069364471380683,1.7329227187423368,fit_null,x,4,46,2013-08-20,1
"x[4,47]",1.4836744080871127,1.6089292594660378,1.737722990713081,fit_null,x,4,47,2014-06-20,1
"x[4,48]",1.484544162164002,1.6115440920667419,1.742165145901593,fit_null,x,4,48,2014-08-20,1
"x[4,49]",1.4851026795868991,1.6136525801256165,1.7463891059455197,fit_null,x,4,49,2015-06-20,1
"x[4,50]",1.485520140148538,1.6163440261678808,1.750449057841688,fit_null,x,4,50,2015-08-20,1
"x[4,51]",1.4859790992556843,1.6184170729940952,1.7552946494518562,fit_null,x,4,51,2016-06-20,1
"x[4,52]",1.4858990536235843,1.6207312917135672,1.759431214930846,fit_null,x,4,52,2016-08-20,1
"x[4,53]",1.485922605173888,1.622558827198291,1.7641814441869819,fit_null,x,4,53,2017-06-20,1
"x[4,54]",1.4859063913520199,1.6246420270954203,1.7682736261845768,fit_null,x,4,54,2017-08-20,1
"x[4,55]",1.4859697406590733,1.6267368581855841,1.7732905304191318,fit_null,x,4,55,2018-06-20,1
"x[4,56]",1.4856007218597644,1.6293270836993383,1.778096167963409,fit_null,x,4,56,2018-08-20,1
"x[4,57]",1.4850463422806177,1.6315241235095157,1.784316482148061,fit_null,x,4,57,2019-06-20,1
"x[4,58]",1.4846125035395958,1.6338626346994074,1.7902045904469515,fit_null,x,4,58,2019-08-20,1
"x[4,59]",1.4842015110496072,1.6361053381890303,1.7954684341125704,fit_null,x,4,59,2020-06-20,1
"x[4,60]",1.4840466847954732,1.6386710327400273,1.8002168879633267,fit_null,x,4,60,2020-08-20,1
