rowname,mean,sd,lower95,lower68,median,upper68,upper95
beta[1],-1.8654346855,0.01653809757604124,-1.89714025,-1.88135,-1.86581,-1.8494,-1.8325095000000002
beta[10],0.7497588405,0.006625721884495625,0.73664185,0.74331984,0.749761,0.756321,0.762664325
beta[11],0.11847380397,0.00909542327266446,0.1009459,0.10952383999999998,0.118308,0.12746132,0.13687005
beta[2],-0.21428173085,0.010842288744931585,-0.235406075,-0.22510716,-0.21437650000000003,-0.20354004,-0.19277930000000007
beta[3],-0.42493330935,0.02167419706007964,-0.46841105000000005,-0.44616016,-0.4246815,-0.40370483999999995,-0.382775625
beta[4],-0.24980603615,0.022199886612573567,-0.294574175,-0.27179364,-0.249571,-0.22781504,-0.20673445000000004
beta[5],-0.6382429442,0.02253028359999815,-0.6830892,-0.6605077999999999,-0.637887,-0.61593784,-0.5949615000000003
beta[6],-0.25829776635,0.02091804895559485,-0.30026162500000003,-0.27931248,-0.25791549999999996,-0.23769336,-0.21824095
beta[7],-0.1444574903,0.011118680622261132,-0.16665407499999998,-0.15540995999999999,-0.1444005,-0.13346568,-0.12284317500000007
beta[8],0.43417966275,0.018178195272927432,0.39747129999999997,0.4163922,0.434423,0.4518358,0.46971805000000005
beta[9],-0.2902007748,0.015614740554892861,-0.320006175,-0.30559532,-0.2904185,-0.27500568,-0.25808075
lam[1],131.478404165,8.134251240911333,116.108975,123.331,131.35950000000003,139.55448,147.76144999999994
lam[10],59.816247975,5.3239189396505475,49.78808,54.520787999999996,59.65215,65.124424,70.66992249999998
lam[100],621.09286155,19.50918591984155,583.4596750000001,601.5888400000001,620.9639999999999,640.6613199999999,659.863025
lam[101],245.09670535,11.54076454284304,223.01360000000003,233.59851999999998,244.902,256.70616,268.154025
lam[102],299.5715273,12.786181715825041,274.89975,286.851,299.4185,312.318,325.03627499999993
lam[103],356.32891225,14.046863261939494,329.090625,342.30519999999996,356.251,370.41748,383.75824999999986
lam[104],896.38550205,23.537175211890734,851.255325,873.0957599999999,896.058,919.8676399999999,943.5762
lam[105],361.86400005,13.506481515938814,335.746975,348.52924,361.625,375.28232,388.6911999999999
lam[106],184.3701002,9.742943507429846,165.8038,174.61968000000002,184.249,194.096,203.79382499999994
lam[107],362.2107913,14.110652265579764,335.36147500000004,348.141,362.01800000000003,376.25631999999996,390.4891999999999
lam[108],1013.7847875,25.41521617870898,964.30195,988.57488,1013.62,1038.9232000000002,1064.4205
lam[109],46.3404351,4.759843083288115,37.4895775,41.5844,46.16675,51.06868,56.2289425
lam[11],292.47484065,13.161491010711462,266.91594999999995,279.42688,292.298,305.58816,318.60310000000004
lam[110],7.4674942465,1.9196943581309522,4.15653825,5.565344,7.311885,9.3442504,11.702114999999997
lam[111],80.82666536,6.455304294513277,68.53544249999999,74.42803599999999,80.7458,87.199512,93.8646425
lam[112],345.34601475,13.792216028328484,318.81665,331.65284,345.059,359.04895999999997,372.94644999999997
lam[113],992.6722649,25.224885087080445,943.338925,967.78368,992.4035,1017.8216,1042.23025
lam[114],454.12835035,15.927136690581406,423.81559999999996,438.246,453.933,470.06344,485.76304999999996
lam[115],185.97499715,9.976482799894688,166.64395,176.039,185.838,195.86148,205.96322499999997
lam[116],278.5945638,12.427798066792421,254.43859999999998,266.33824,278.387,290.92764,303.55344999999994
lam[117],434.4507315,15.497819847569152,404.37789999999995,419.03819999999996,434.4835,449.803,464.777
lam[118],560.3790779,17.936440639420947,525.9689500000001,542.3468399999999,560.3275,578.17316,595.903
lam[119],8.136512661,1.4822040150067666,5.50182975,6.6767956,8.0451,9.607592799999999,11.263239999999996
lam[12],348.5596525,13.59845631996365,322.10837499999997,335.05884000000003,348.46799999999996,362.09448,375.682575
lam[120],62.804992825,4.291290037663213,54.60825,58.623884000000004,62.67635,67.023116,71.58356499999998
lam[121],135.1767314,6.7453900699006235,122.031975,128.472,135.054,141.87,148.71209999999996
lam[122],24.72651962,2.6150574174646533,19.8084025,22.1296,24.6434,27.311148,30.164747499999997
lam[123],53.36554589,3.936921963462624,45.865467499999994,49.475652000000004,53.28045,57.273579999999995,61.36144
lam[124],8.8603893985,1.5241941568330528,6.1273582499999995,7.33197,8.78489,10.370180000000001,12.065542499999996
lam[125],2.0808738251,0.7273128807188314,0.9040108,1.3627124000000002,2.00085,2.7958672,3.712050749999999
lam[126],112.99716195,5.776289400960186,102.01989999999999,107.247,112.88,118.76548,124.41644999999995
lam[127],59.546698315,4.230654554055968,51.5000875,55.359652,59.4727,63.774448,67.98563
lam[128],18.85237438,2.3191328890610032,14.587392500000002,16.536687999999998,18.769150000000003,21.163448,23.657637499999996
lam[129],174.59811065,8.543350566753736,158.49892499999999,165.98184,174.4675,183.11115999999998,191.622
lam[13],437.8394889,15.430836959946104,407.92192500000004,422.57668,437.6895,453.15716,468.3271
lam[130],123.59342358,6.143440055403894,111.915925,117.518,123.463,129.705,135.95007499999997
lam[131],405.01229775,12.263762083708976,381.24289999999996,392.82684,404.84000000000003,417.21232,429.354425
lam[132],464.1075452,13.131861819148106,438.757475,451.0538399999999,463.9825,477.1961600000001,490.01017499999995
lam[133],211.07872655,8.397213761333115,194.84795,202.8062,210.995,219.44464,227.82719999999998
lam[134],69.84576722,4.652143591650988,60.85787,65.23308399999999,69.79185000000001,74.431764,79.12858249999998
lam[135],38.85374707,3.3549411213317653,32.6433075,35.536992,38.748900000000006,42.171292,45.6815125
lam[136],8.634284696,1.5737784915552018,5.8190824999999995,7.071350400000001,8.549975,10.188516,12.004257499999996
lam[137],2.9656231359,0.9041877309109643,1.4494492499999998,2.0786456,2.8832750000000003,3.8556864,4.9754905
lam[138],44.20989187,3.439047855497149,37.72983,40.780292,44.12545,47.6354,51.21901749999999
lam[139],3.42080730535,0.9650877209328438,1.7849445000000002,2.4583496,3.345335,4.3745876,5.512801250000001
lam[14],324.3229923,13.075186454371584,299.11955,311.34584,324.172,337.43039999999996,350.11342499999995
lam[140],46.910109655,3.6400205226069233,40.0934575,43.299884,46.79375,50.507732,54.37742999999998
lam[141],39.937899855,3.4322868445364056,33.529447499999996,36.543868,39.845349999999996,43.349132,46.95091999999999
lam[142],38.23221584,3.340288778410814,31.930195,34.932587999999996,38.129900000000006,41.549096,45.09176
lam[143],622.7261049,15.760344959123136,592.5308249999999,606.90352,622.4970000000001,638.35944,654.1901250000001
lam[144],810.10982535,18.5793245878384,774.1217499999999,791.67088,809.9925000000001,828.56276,846.9140249999999
lam[145],288.0559756,9.91397689840467,268.707775,278.28468000000004,287.898,297.89132,308.05109999999996
lam[146],76.39027557,4.7381727881291615,67.3726025,71.63103600000001,76.3318,81.087576,85.9289
lam[147],156.888969,7.188374306718973,142.98785,149.68184,156.76049999999998,164.011,171.25927499999997
lam[148],45.332662525,3.621697483532029,38.440917500000005,41.706500000000005,45.26205,48.915896,52.575337499999996
lam[149],28.08726798,2.810517883315528,22.8170975,25.288884,27.9985,30.87808,33.822934999999994
lam[15],174.8898716,9.355523521109427,157.013775,165.56068,174.715,184.18248,193.48205000000002
lam[150],5.5124539015,1.205742258851155,3.41467775,4.3367224,5.416265,6.704670799999999,8.125997499999995
lam[151],5.4659768325,1.2359707616801674,3.30754575,4.2440148,5.383615,6.68524,8.12173099999999
lam[152],32.828736975,3.0406851855664407,27.116532499999998,29.779367999999998,32.740449999999996,35.8687,39.029415
lam[153],26.01985375,2.6065886870609427,21.100765,23.452512,25.9218,28.593016,31.502659999999988
lam[154],30.028976465,2.9313880135044994,24.54376,27.111988,29.9445,32.984428,35.98474499999999
lam[155],6.944019395,1.3672714896195592,4.500321250000001,5.5866704,6.85806,8.3045492,9.878782249999999
lam[156],30.219206315,2.9179817689179877,24.7959925,27.325024,30.124299999999998,33.104712,36.2258
lam[157],14.283541937,1.9141938602487363,10.791,12.379468000000001,14.1994,16.16808,18.2847175
lam[158],61.47038616,4.169893627708593,53.581285,57.3265,61.3639,65.6076,69.81412749999998
lam[159],228.7608788,8.738669597634832,211.80167500000002,220.15684,228.65800000000002,237.505,246.21224999999995
lam[16],181.51538335,9.712736914954066,163.06425000000002,171.852,181.3205,191.203,200.85107499999998
lam[160],6.261602094,1.31926225569318,3.93559875,4.950088,6.167915000000001,7.574232,9.076242249999996
lam[161],19.87685894,2.3789527844649547,15.4921875,17.482652,19.79805,22.2443,24.718557499999992
lam[162],15.2372132855,1.996751037313026,11.5335975,13.2807,15.162,17.187016000000003,19.3844075
lam[163],5.524569462,1.2088282106823927,3.4148780000000003,4.33538,5.430104999999999,6.706696,8.1468335
lam[164],37.85986026,3.227303152132059,31.743495,34.699852,37.7403,41.073976,44.45186749999997
lam[165],0.74143592197,0.4257918699380966,0.15425545000000002,0.34006512,0.659807,1.1465147999999998,1.7854502499999998
lam[166],17.40087323,2.1350660941885815,13.453297500000001,15.286284,17.32175,19.525191999999997,21.779749999999996
lam[167],16.986234596,2.2644918267375393,12.83564,14.716636,16.903550000000003,19.222212,21.64762249999999
lam[168],9.48634305,1.6162296538002168,6.611568500000001,7.905762,9.397269999999999,11.066616,12.909197499999992
lam[169],1.2275610419,0.5425727348827295,0.395786675,0.70089552,1.1539199999999998,1.7507616000000001,2.496890249999993
lam[17],174.54837015,9.446051236741024,156.2659,165.21383999999998,174.448,183.9848,193.559
lam[170],3.540908648,0.9646692307432629,1.8779145,2.5972488,3.457755,4.4891344,5.665873249999997
lam[171],9.927668061,1.6722397950703691,6.916130750000001,8.2637732,9.85247,11.573431999999999,13.453222499999997
lam[172],8.1815598365,1.5297092308717297,5.446566249999999,6.6731736,8.08065,9.689061599999999,11.419132499999996
lam[173],83.31017549,4.846698217639809,74.2658375,78.447968,83.237,88.131748,93.05596
lam[174],81.24818294,4.883088939090432,71.93587000000001,76.377784,81.1543,86.100248,90.99149499999997
lam[175],267.5781965,9.284023961189103,249.88395,258.28152,267.414,276.81548,286.13314999999994
lam[176],131.03276665,6.335865063509732,118.88395,124.79868000000002,130.951,137.372,143.572175
lam[177],47.17148411,3.718271660372139,40.178455,43.448296,47.09495,50.836656,54.803394999999995
lam[178],66.10091252,4.436131591229006,57.7523875,61.670884,65.96485,70.48067999999999,75.0938375
lam[179],199.79924115,8.043537440518637,184.21294999999998,191.809,199.75,207.82464000000002,215.90742499999996
lam[18],45.33540484,4.618868005405113,36.6567875,40.774152,45.2245,49.932528000000005,54.750437499999975
lam[180],1481.111908,27.208548060561945,1428.63,1453.86,1480.86,1508.07,1534.9205
lam[181],17.7502344835,2.3031558656620237,13.5081375,15.456168000000002,17.6596,20.031916,22.5665025
lam[182],13.992198798,2.0706233859410808,10.22809,11.929884000000001,13.90315,16.043996,18.283034999999998
lam[183],2.80902338295,0.9107307492411977,1.29976825,1.914772,2.71744,3.69857,4.870100749999996
lam[184],74.053319165,4.691052389118358,65.1196075,69.367108,73.9551,78.719232,83.51334499999997
lam[185],65.972178,4.535011776307251,57.30317,61.480036,65.91425000000001,70.499,75.07625249999998
lam[186],369.2127415,11.506930266595297,347.208925,357.81636000000003,369.009,380.72348,392.0776249999999
lam[187],10.7888773765,1.7448342799057042,7.615452,9.0737628,10.6993,12.516812000000002,14.460505
lam[188],48.59737912,4.587953841487131,40.0658675,44.046512,48.47215,53.100512,57.98276499999999
lam[189],160.7872988,7.157811538586362,146.999975,153.60336,160.734,167.86032,175.07034999999996
lam[19],20.417093915,3.0978631428220083,14.745825000000002,17.33582,20.27865,23.509975999999998,26.8992175
lam[190],90.48857665,5.404213997783636,80.181385,85.12648800000001,90.3788,95.884672,101.36432499999998
lam[191],281.65230755,10.19762877625459,262.113975,271.51868,281.4275,291.81116,302.20117500000003
lam[192],129.2778849,6.673765661562994,116.55497500000001,122.55,129.23950000000002,135.927,142.58704999999998
lam[193],25.803850005,2.919110326925309,20.437345,22.881048,25.70865,28.702731999999997,31.846212499999993
lam[194],71.881528905,4.7732646052988335,62.761869999999995,67.17083199999999,71.77985,76.626588,81.50462749999998
lam[195],49.02249978,3.9324000060680855,41.6724925,45.138327999999994,48.9207,52.890812000000004,57.0949575
lam[196],36.708013005,3.436506870142239,30.242897499999998,33.293628,36.611149999999995,40.123591999999995,43.63188999999999
lam[197],74.547932725,4.855267718195702,65.276385,69.719012,74.46305000000001,79.360748,84.15344
lam[198],22.496243835,2.5852347439163177,17.649237499999998,19.935336000000003,22.404449999999997,25.048092,27.82304
lam[199],45.065738915,3.7770223168277943,38.033942499999995,41.322168000000005,44.9773,48.796416,52.860037499999976
lam[2],203.8657097,10.087163849544257,184.522525,193.83336000000003,203.778,213.96316000000002,223.802075
lam[20],191.3312077,9.761531736472115,172.522675,181.65767999999997,191.192,201.04216,210.764075
lam[200],75.92914065,5.036965160370662,66.36228,70.892144,75.8522,80.92106000000001,86.04917999999998
lam[201],73.13131027,4.668525260554663,64.2836675,68.456408,73.0413,77.72889599999999,82.5936675
lam[202],48.569701855,4.043338352324937,41.0547925,44.553323999999996,48.4708,52.572664,56.86204999999998
lam[203],84.507932655,5.339376051730785,74.346295,79.18365999999999,84.39699999999999,89.781136,95.31530749999999
lam[204],30.633895825,3.1486395473370803,24.730897499999998,27.516336000000003,30.516350000000003,33.778516,37.0897175
lam[205],225.5084105,8.838754720855231,208.26892500000002,216.709,225.49200000000002,234.29616,243.20305000000002
lam[206],56.501581925000004,4.2145151159319525,48.49063,52.320572,56.39875,60.669696,65.00759249999999
lam[207],167.3563535,7.583093429348951,152.709875,159.77751999999998,167.28750000000002,174.89715999999999,182.39934999999997
lam[208],59.1543993,4.277488364200513,51.051322500000005,54.873324,59.0274,63.416624,67.84203000000001
lam[209],16.1079300395,2.1693238130705095,12.135515,13.977868,16.00555,18.249972,20.652152499999996
lam[21],233.67151205,10.986247828176918,212.55395,222.78468,233.554,244.506,255.81705
lam[210],9.5352994715,1.6955627805023976,6.495396749999999,7.8590408,9.4337,11.226044,13.142449999999997
lam[211],384.8704728,11.583145992311993,362.78,373.36284,384.7655,396.326,407.935025
lam[212],124.512508945,6.200015067041115,112.6378,118.34667999999999,124.4405,130.71591999999998,136.83707499999997
lam[213],327.97124085,10.49476820505461,307.66085,317.65184,327.7685,338.36832000000004,348.84712499999995
lam[214],105.71079694,5.5892637683418736,94.993835,100.153,105.64,111.20916,117.06514999999997
lam[215],34.7249907,3.332728016826935,28.587685,31.40402,34.62425,38.0165,41.56074999999999
lam[216],14.965842805,2.141765816047785,11.0547625,12.827368000000002,14.86475,17.095596,19.433944999999987
lam[217],126.5565054,6.4606464371988555,114.2999,120.11868,126.41300000000001,132.98116,139.591025
lam[218],471.8190172,13.365876832665274,445.864925,458.58836,471.78499999999997,485.10479999999995,498.182075
lam[219],31.927723445,3.0858825651260746,26.196295000000003,28.8414,31.843049999999998,34.987632,38.221457499999985
lam[22],274.44134225,11.810030464075579,251.88982499999997,262.643,274.2475,286.25016,298.223025
lam[220],34.369552585,3.2950650401942307,28.185197499999997,31.106883999999997,34.2727,37.648296,41.05424749999999
lam[221],143.07987825,6.810812565099441,130.101925,136.33652,142.923,149.86348,156.772
lam[222],34.17114708,3.1198671550509554,28.295445,31.037251999999995,34.1122,37.274232,40.58279999999996
lam[223],150.1469713,6.6861737427726355,137.223,143.54467999999997,149.9635,156.88132000000002,163.447275
lam[224],4.8525564745,1.1913596403664735,2.8008325,3.6829704,4.755475000000001,6.0186348,7.456535999999991
lam[225],130.4107822,6.467480831659161,117.9997,123.95667999999999,130.3585,136.771,143.34417499999998
lam[226],604.7279401,15.058930059328203,575.627825,589.81584,604.577,619.6181600000001,634.561225
lam[227],9.837825381,1.7550061630503708,6.6400285,8.0947792,9.75224,11.564816,13.588479999999993
lam[228],1.073475701065,0.5357852008809784,0.29049472499999995,0.56031116,0.9861085,1.5919447999999998,2.3374237499999952
lam[229],14.164153124,2.0724864308464386,10.3796775,12.121084000000002,14.0747,16.205616,18.517329999999987
lam[23],373.535361,14.095178629606266,346.57295,359.47336,373.217,387.46916,401.90119999999996
lam[230],20.367051495,2.492444726214892,15.704497499999999,17.915568,20.2685,22.845616000000003,25.511079999999993
lam[231],27.714402225,2.9241478582170544,22.2019675,24.784668000000003,27.639049999999997,30.596128,33.714127500000004
lam[232],65.535064275,4.617334367501378,56.6380875,60.97356799999999,65.43315,70.137144,74.7736725
lam[233],45.12290766,3.7592131315731168,38.056650000000005,41.376968,45.044650000000004,48.827416,52.789815
lam[234],44.910961805,3.6809763354236242,37.9437575,41.3088,44.81285,48.546092,52.441007500000005
lam[235],42.464091205,3.628326266686341,35.66072,38.836068000000004,42.35195,46.047548,49.90575
lam[236],212.042697,8.424942763759315,195.818875,203.646,212.045,220.48716000000002,228.75034999999997
lam[24],610.2385046,18.660233986630573,574.65315,591.67752,610.043,628.77648,647.5041
lam[25],963.8356211,24.714737532132542,916.472825,939.4288399999999,963.381,988.24196,1013.19
lam[26],941.71688285,24.469694141794957,894.169975,917.42936,941.658,965.9871599999999,989.810025
lam[27],640.68659815,19.360288527582956,603.10095,621.3568799999999,640.4580000000001,659.91016,678.792025
lam[28],683.8916779,20.021930774501918,645.9865249999999,663.7575200000001,683.7280000000001,703.77064,723.7578249999998
lam[29],397.4940088,14.466556312958557,369.62850000000003,383.07484,397.32849999999996,411.86415999999997,426.15447499999993
lam[3],257.491965,11.990493444972456,234.7238,245.58168,257.2495,269.44048,281.485275
lam[30],85.01873673,6.457518143621084,72.59097500000001,78.592908,84.9205,91.43513999999999,97.92243249999997
lam[31],171.13033775,9.149065537391536,153.580625,161.935,171.016,180.15915999999999,189.51334999999997
lam[32],79.241347285,6.195944799587943,67.3960925,73.14862000000001,79.07465,85.375104,91.79258249999998
lam[33],74.415375645,6.021976529928227,63.1629875,68.39762,74.25825,80.441424,86.75435499999999
lam[34],591.3062302,18.12848319278399,556.6055250000001,573.2601999999999,591.1905,609.24664,627.344275
lam[35],517.4660262,16.698034776963592,485.646925,500.722,517.224,534.10664,550.76815
lam[36],248.37764065,11.285840395309014,226.623975,237.12267999999997,248.173,259.57416,271.09835
lam[37],462.9905104,15.883634368967046,432.2627,447.25184,462.898,478.75316,494.44907500000005
lam[38],181.53648335,9.462185631917704,163.33395000000002,172.094,181.414,190.91116000000002,200.4511
lam[39],427.5664312,15.150966548086442,398.35895,412.51419999999996,427.3995,442.693,457.64315
lam[4],76.087825605,5.94020907935714,64.90153000000001,70.25172,75.935,81.920968,88.21435249999999
lam[40],320.59139645,13.071068752278611,295.4708,307.73604,320.342,333.67696,346.540025
lam[41],671.7755289,20.082593183028234,633.1796499999999,651.77468,671.46,691.80832,711.6419249999998
lam[42],96.669362525,6.835853898805069,83.6284575,89.909396,96.53405000000001,103.48216,110.37305
lam[43],287.47946555,12.052813827956175,264.31885,275.4854,287.37800000000004,299.44016,311.69915000000003
lam[44],66.859402685,5.686693360608616,56.1637075,61.14484,66.74425,72.506396,78.404515
lam[45],140.3469067,8.32453956902404,124.45179999999999,132.03184000000002,140.24450000000002,148.67516,157.122025
lam[46],166.6382377,8.75079275544173,149.993825,157.9062,166.5635,175.36432,184.234075
lam[47],51.706799985,4.908428312256725,42.443695,46.784664,51.587050000000005,56.58104,61.76864749999999
lam[48],31.890304125,3.8514436176334614,24.7569825,28.066084,31.74775,35.730748,39.89866749999998
lam[49],136.5117698,8.193403710511662,120.825925,128.40684000000002,136.3665,144.67216,153.17114999999995
lam[5],242.4102145,11.294132833596056,221.05595000000002,231.24784,242.168,253.72916,265.06812499999995
lam[50],4.2542354754,1.334169948431316,2.06886775,2.9531256,4.10875,5.5489448,7.252043499999997
lam[51],1.9761696746,0.9505603620266074,0.5652512000000001,1.0657804,1.82424,2.9025712,4.225965999999999
lam[52],7.006599557,1.7976342219512202,3.90880675,5.2318144,6.86639,8.7862712,10.8532
lam[53],82.452807655,6.143826391583856,70.83376,76.32151999999999,82.2957,88.544028,94.9676025
lam[54],203.51712455,10.186304932680288,183.70482500000003,193.41756,203.5025,213.508,223.84624999999997
lam[55],476.5485021,16.1025629935096,445.515775,460.39,476.3855,492.59463999999997,508.3530499999999
lam[56],560.75481795,17.572245741820527,526.64447499999994,543.31504,560.626,578.35432,595.262175
lam[57],247.6320987,11.189168875580712,226.238775,236.54272000000003,247.3855,258.72316,270.368175
lam[58],452.51436395,15.54364441427019,422.42405,437.09956,452.37850000000003,467.95348,483.51022499999993
lam[59],335.1529782,13.193690138384284,309.795775,321.96968000000004,335.071,348.26764,361.29457499999995
lam[6],154.4955139,8.64981946730376,138.13395,145.88668,154.2665,163.11816,171.99834999999996
lam[60],490.83170835,17.032397734530047,457.61160000000007,473.99168000000003,490.579,507.77948,524.714275
lam[61],522.0467533,17.451279316452027,488.14520000000005,504.739,521.893,539.437,556.452675
lam[62],755.5490031,21.99462239266684,713.0781499999999,733.84836,755.2175,777.24748,799.71025
lam[63],287.62143745,12.402381122190345,264.012925,275.28552,287.39,299.89796,312.6301
lam[64],88.1238655,6.826984457016247,75.28831000000001,81.324556,88.01975,94.822612,101.91132499999998
lam[65],61.08474477,5.594723735721762,50.655927500000004,55.52038400000001,60.91685,66.69568,72.5087125
lam[66],176.2284141,9.358670084991186,158.121825,166.85768000000002,176.1115,185.53648,195.00305
lam[67],235.6803825,11.036878641178415,214.54489999999998,224.68804,235.4765,246.68448,257.674175
lam[68],389.43435745,14.598282267627848,361.518625,375.029,389.124,403.993,418.4372
lam[69],153.38880055,8.973257137369476,136.312,144.36952,153.284,162.19063999999997,171.49909999999997
lam[7],21.70606551,3.140469861309115,15.9181725,18.605168,21.57105,24.831796000000004,28.267625
lam[70],132.80447145,9.19760083602471,115.37562500000001,123.76784,132.5885,141.85548,151.369125
lam[71],756.24937535,20.979496936014645,716.0239750000001,735.47968,756.0035,777.1513199999999,798.1381
lam[72],261.61680845,11.863227839099975,238.66860000000003,249.72984,261.51800000000003,273.356,285.28002499999997
lam[73],452.1743325,16.153527141088986,420.65775,436.38035999999994,451.9635,468.16132,484.26804999999996
lam[74],106.18912945,7.462540931191015,92.225825,98.78881200000001,105.96,113.56016,121.46142499999996
lam[75],151.3986221,9.098617500302568,134.133975,142.3102,151.283,160.40931999999998,169.75639999999996
lam[76],297.22644,12.76573426849669,272.81285,284.36184000000003,297.072,309.91064,322.502
lam[77],129.14851058,7.973864778735137,114.031975,121.333,128.978,137.09315999999998,145.370175
lam[78],138.6017075,8.461196342575974,122.5399,130.16268000000002,138.461,147.00732,155.59105
lam[79],466.22010485,16.13901070605276,435.23135,450.21036000000004,466.0285,482.32831999999996,498.2722749999999
lam[8],53.52891488,4.951505073833247,44.2458275,48.63464,53.39765,58.443448,63.60368749999998
lam[80],594.7605384,18.862762941892075,558.394,576.129,594.5525,613.70332,632.211475
lam[81],385.7215721,14.651219029724224,357.5025,371.00724,385.592,400.31528000000003,414.60939999999994
lam[82],423.8712182,15.289729073977988,394.22085000000004,408.7324,423.666,439.09316,454.704
lam[83],789.5275501,21.940138613675884,747.21895,767.6384,789.37,811.2352399999999,833.0024999999999
lam[84],324.4714175,13.498971871667628,298.56092499999994,311.12452,324.36,337.8691600000001,351.47737499999994
lam[85],212.149857,10.826662288367837,191.19287500000002,201.36984,212.04149999999998,222.94716,234.03605
lam[86],205.6083539,10.39088194467317,185.64275,195.191,205.4765,215.89432,226.52049999999997
lam[87],211.6978985,10.760050065504723,191.359575,200.91567999999998,211.456,222.431,233.375
lam[88],94.130412955,6.71363692052079,81.44299,87.37316799999999,94.0195,100.81616000000001,107.71809999999999
lam[89],150.41591395,8.940214943820266,133.41597499999997,141.49887999999999,150.30149999999998,159.35816000000003,168.4681
lam[9],32.85340468,3.9794781541488793,25.46103,28.930652000000002,32.7211,36.824472,41.05780249999999
lam[90],242.6966251,11.325526562387504,221.01372500000002,231.443,242.5925,254.05748,265.0593
lam[91],460.3678124,16.25925385803752,428.98882499999996,444.17052,460.2105,476.54416,492.69705
lam[92],380.0717708,14.417276853239686,352.622825,365.64484,379.8765,394.516,408.67132499999997
lam[93],474.24942405,16.3875901686035,442.78887499999996,457.83968,474.09000000000003,490.507,506.67812499999997
lam[94],541.4619106,17.53479761351341,507.280475,524.133,541.3775,558.79632,576.3180500000001
lam[95],431.25434415,15.748064820805507,400.66965,415.5774,431.18600000000004,446.78175999999996,462.70205
lam[96],586.19563435,18.715538121892394,550.02205,567.67436,585.991,604.70132,623.2430250000001
lam[97],438.39829645,15.857267635210972,407.75289999999995,422.58068000000003,438.288,454.208,469.9190999999999
lam[98],426.5410744,15.536677491533974,396.54295,411.21651999999995,426.356,441.93316,457.94417499999986
lam[99],553.45426405,17.845014103150607,518.974825,535.84584,553.275,571.13332,589.224425
nu[1],108.42995,6.338824972548176,96,102,108,115,121
nu[10],129.85935,6.005986277961248,118,124,130,136,142
nu[100],927.5294,20.85103532018743,887,907,928,948,969
nu[101],205.83275,9.59700904275023,188,196,206,215,225
nu[102],349.2801,11.614757385303198,327,338,349,361,373
nu[103],98.44575,8.72236555760805,82,90,98,107,116
nu[104],656.73965,18.716893010905867,620,638,657,675,694
nu[105],78.35325,8.49812187140577,62,70,78,87,96
nu[106],32.6124,5.941122039358815,22,27,32,38,45
nu[107],166.39535,9.836029979203381,148,157,166,176,186
nu[108],1315.6456,25.131766370950643,1267,1291,1315,1341,1365
nu[109],9.8152,2.9555178419840384,5,7,10,13,16
nu[11],320.78395,10.880748684355192,300,310,321,332,342
nu[110],4.5658,1.276421490962595,3,3,4,6,7
nu[111],33.1333,4.2698644822914655,25,29,33,37,42
nu[112],65.1607,8.242661741429679,50,57,65,73,82
nu[113],199.70065,14.908345062921157,171,185,199,215,229
nu[114],798.9303,16.75539253699981,767,782,799,816,832
nu[115],137.00265,8.017303588821953,122,129,137,145,153
nu[116],105.6425,8.262003799644424,90,97,105,114,122
nu[117],670.02555,16.2611751878032,639,654,670,686,702
nu[118],541.94945,15.766760105795893,512,526,542,558,573
nu[119],131.78355,7.239593910123588,118,125,132,139,146
nu[12],474.16915,13.284730425590975,448,461,474,487,501
nu[120],121.47255,7.598291465794132,107,114,121,129,137
nu[121],211.5294,11.355495718114865,190,200,211,223,234
nu[122],56.633,4.481876321449249,48,52,56,61,66
nu[123],257.64945,10.207593959705752,238,248,257,268,278
nu[124],43.8994,5.583792490496921,34,38,44,49,55
nu[125],22.9008,2.7700438655644333,18,20,23,26,29
nu[126],26.0327,3.6147868601346484,19,22,26,30,34
nu[127],37.95415,3.666690607141442,31,34,38,42,46
nu[128],36.89105,3.8545846454112334,30,33,37,41,45
nu[129],320.52025,16.068164152524083,290,305,320,336,353
nu[13],317.71315,11.753968473083496,295,306,318,329,341
nu[130],319.5774,11.526640985674078,297,308,319,331,343
nu[131],468.2672,14.459355373179163,441,454,468,483,497
nu[132],382.921,12.49932280779788,359,371,383,395,408
nu[133],234.20035,9.201866310410962,217,225,234,243,253
nu[134],173.6536,8.178218094583094,158,165,174,182,190
nu[135],141.72775,7.87118972702873,127,134,142,149,158
nu[136],50.78855,4.221508018942748,43,47,51,55,59
nu[137],21.139,2.7529544017104155,16,18,21,24,27
nu[138],175.04035,8.128562330066606,160,167,175,183,191
nu[139],325.7726,11.341063452164137,304,314,326,337,349
nu[14],375.36445,11.76668385484836,353,364,375,387,398
nu[140],416.8756,12.11832361873409,393,405,417,429,441
nu[141],472.10385,14.100556955766821,445,458,472,486,500
nu[142],225.6573,12.350294862842865,202,213,225,238,250
nu[143],1178.44905,24.776543301122604,1131,1154,1178,1203,1228
nu[144],704.8711,19.64160824445707,667,686,705,724,744
nu[145],890.9319,20.5239329559715,851,871,891,911,932
nu[146],554.3048,16.532348982771527,522,538,554,571,587
nu[147],624.18105,15.915556419563424,593,608,624,640,656
nu[148],106.6815,5.936448418119297,95,101,107,113,119
nu[149],180.70925,8.300804756497051,165,172,181,189,197
nu[15],227.16065,8.626416540523442,211,219,227,236,244
nu[150],78.7829,5.4650398830243585,69,73,79,84,90
nu[151],105.0599,6.098997612607499,94,99,105,111,118
nu[152],882.9303,19.272657151407024,846,864,883,902,920
nu[153],643.1885,16.776067464456005,611,626,643,660,676
nu[154],276.97735,10.316620503363827,257,267,277,287,298
nu[155],671.40715,16.789126618622262,639,655,671,688,705
nu[156],322.7342,10.239237884707215,303,312,323,333,343
nu[157],494.77615,14.532962586051685,467,480,495,509,524
nu[158],368.83745,12.101357347007808,345,357,369,381,393
nu[159],657.87955,18.00070951586766,623,640,658,676,694
nu[16],205.8716,8.356626418612601,190,198,206,214,222
nu[160],35.33955,4.659940080041413,27,31,35,40,45
nu[161],375.2567,11.607891379019419,353,364,375,387,398
nu[162],41.71545,4.357147063621597,34,37,42,46,51
nu[163],101.99,6.828699111586111,89,95,102,109,116
nu[164],264.4694,8.049018758528964,249,256,264,273,281
nu[165],39.6025,3.683445688293458,33,36,39,43,47
nu[166],16.0345,2.8128287097275826,11,13,16,19,22
nu[167],157.26185,7.722646343115055,142,150,157,165,173
nu[168],2.98895,0.9948253019344422,2,2,3,4,5
nu[169],2.8879,0.9228088473831271,2,2,3,4,5
nu[17],120.03605,7.072160290184202,107,113,120,127,134
nu[170],11.3058,1.9209296859964564,8,9,11,13,15
nu[171],135.9484,6.343898619341615,124,130,136,142,149
nu[172],299.87935,10.720043821947614,279,289,300,311,321
nu[173],487.1225,14.427796152395842,459.975,473,487,501,516
nu[174],744.86285,18.437378792125998,709,726.8400000000001,745,763,782
nu[175],218.2508,9.644902828309133,200,209,218,228,237
nu[176],571.449,15.777022682440277,541,556,571,587,603
nu[177],140.7451,8.950107888264426,124,132,141,150,159
nu[178],335.8418,14.208482213394227,309,322,336,350,364
nu[179],262.30985,13.475816222353934,237,249,262,276,290
nu[18],11.97885,2.6231558712427474,7,9,12,15,18
nu[180],523.8322,20.74261449197752,484,503,524,545,565
nu[181],119.3674,9.419907322935753,101,110,119,129,138
nu[182],62.5248,5.6855783566900975,52,57,62,68,74
nu[183],67.8072,5.0426877352241295,58,63,68,73,78
nu[184],199.1324,9.22354183197567,182,190,199,208,218
nu[185],145.26325,9.161257875957526,128,136,145,154,164
nu[186],599.82435,15.676743446639486,570,584,600,615,631
nu[187],126.8177,7.730236383043325,112,119,127,134,143
nu[188],118.50515,11.07742338917078,98,108,118,130,141
nu[189],610.00275,18.36193890844657,575,592,610,628,646
nu[19],8.2662,1.9571482011985226,5,6,8,10,12
nu[190],358.0531,12.598107635903174,334,346,358,370,383
nu[191],457.2047,15.200666134171595,428,442,457,472,488
nu[192],85.2723,6.499235702237165,73,79,85,92,98.02499999999782
nu[193],185.39940000000001,8.519196468882642,169,177,185,194,203
nu[194],416.82385,13.426531002617246,391,403,417,430,444
nu[195],199.3533,8.344780457150708,184,191,199,208,216
nu[196],195.77025,8.661230615985726,179,187,196,204,213
nu[197],470.45945,15.561634358919266,441,455,470,486,502
nu[198],740.4589,19.55705076696737,703,721,740,760,779
nu[199],580.2816,15.893166175326828,550,565,580,596,612
nu[2],399.93755,11.368742780673768,378,389,400,411,422
nu[20],254.9582,8.997127329042748,238,246,255,264,273
nu[200],372.847,14.023841285689866,346,359,373,387,401
nu[201],638.75725,19.056961479379154,602,620,638,658,677
nu[202],268.7492,11.971381083995851,246,257,269,281,292.0249999999978
nu[203],222.8131,10.208995032273448,203,213,223,233,243
nu[204],234.234,10.212328754154438,215,224,234,244,255
nu[205],134.30595,8.948298620403213,117,125,134,143,153
nu[206],80.844,6.311311720457322,69,74.84000000000015,81,87,94
nu[207],197.15525,9.147422107023454,180,188,197,206,216
nu[208],304.89275,11.29876677093741,283,294,305,316,327
nu[209],501.84005,15.904292292433743,471,486,502,518,533
nu[21],216.36325,8.83763003427571,199,208,216,225,234
nu[210],465.01165,14.458660619880922,437,451,465,479,494
nu[211],526.92015,16.20576765607735,496,511,527,543,559
nu[212],656.9973,17.693895738568088,623,639,657,675,692
nu[213],593.44415,16.754981863563966,561,577,593,610,627
nu[214],380.42905,15.481736023618856,351,365,380,396,412
nu[215],682.76465,17.30704587933344,649,666,682,700,717
nu[216],310.42225,13.257339204744058,285,297,310,324,337
nu[217],433.62885,15.735430653985677,403,418,433,449,465
nu[218],403.9697,16.06638068574933,373,388,404,420,436
nu[219],105.0744,8.719894865669206,89,96,105,114,123
nu[22],204.2805,8.771816629886299,187,196,204,213,222
nu[220],209.351,10.839560590895285,189,199,209,220,231
nu[221],411.26685,13.439798082044321,385,398,411,425,438
nu[222],1058.2822,23.7184293610385,1012,1035,1058,1082,1105
nu[223],489.25455,12.923571690239655,465,477,489,502,515
nu[224],159.09395,8.287138060293247,144,151,159,167,176
nu[225],337.1229,13.176747585191318,312,324,337,350,363
nu[226],1070.98295,24.80954927007444,1023,1046,1071,1096,1120
nu[227],36.47455,4.115179100896001,29,32,36,41,45
nu[228],6.55185,1.7893495092022922,4,5,6,8,10
nu[229],96.46935,6.354217448393693,84,90,96,103,109
nu[23],360.1785,11.607914323156908,338,349,360,372,384
nu[230],496.5152,14.307407314227166,469,482,496,511,525
nu[231],1176.83625,25.60687645035194,1127,1152,1177,1202,1227
nu[232],213.51875,12.403839776438883,190,201,213,226,238
nu[233],247.3482,10.583078797677105,227,237,247,258,268.0249999999978
nu[234],329.9919,12.125930327167145,306,318,330,342,354
nu[235],408.93375,14.320129686675818,381,395,409,423,437
nu[236],458.60345,15.871912108413332,428,443,458,474,490
nu[237],11.354,1.376836513148567,9,10,11,13,14
nu[238],92.05945,3.7247025878540807,85,88,92,96,100
nu[239],93.0343,4.823337717735597,84,88,93,98,103
nu[24],883.6746,19.34517321262142,846,865,884,903,922
nu[240],92.85865,3.2667879901652617,87,90,93,96,99
nu[241],63.15755,3.2162937093432156,57,60,63,66,70
nu[242],5.5428,0.729311150838826,5,5,5,6,7
nu[243],6.49515,0.6757213238203017,6,6,6,7,8
nu[244],10.10025,2.340827612447229,6,8,10,12,15
nu[245],38.02335,3.0946217235197335,32,35,38,41,44
nu[246],27.73465,1.9679768860815252,24,26,28,30,32
nu[247],161.3649,6.364453888878684,149,155,161,168,174
nu[248],63.3591,3.5097810641343274,57,60,63,67,71
nu[249],302.02295,9.234456511178749,284,293,302,311,320
nu[25],843.98415,20.604354533660796,804,823,844,864,885
nu[250],386.2407,10.324770871776277,366,376,386,397,407
nu[251],145.75765,6.223700924703843,134,140,146,152,158
nu[252],256.0924,8.40020180766636,240,248,256,265,273
nu[253],29.8432,1.8765366581795069,27,28,30,32,34
nu[254],2.00925,0.8759582196887948,1,1,2,3,4
nu[255],5.55245,0.9440304853011554,4,5,5,6,8
nu[256],146.26855,3.7629694251276056,139,143,146,150,154
nu[257],2.9147,0.8091703453738825,2,2,3,4,5
nu[258],181.4449,5.0726965809646956,172,176,181,187,192
nu[259],120.75055,4.653612306893968,112,116,121,125,130
nu[26],1154.4487,23.666120775775756,1108,1131,1154,1178,1201
nu[260],30.15125,2.423441167194886,26,28,30,33,35
nu[261],348.09145,10.354175358031442,328,338,348,358,369
nu[262],806.4507,15.738105156202781,776,791,806,822,838
nu[263],247.8861,7.356727048195036,234,241,248,255,263
nu[264],207.9651,5.976292144247108,196,202,208,214,220
nu[265],77.89075,4.133106406315728,70,74,78,82,86
nu[266],131.28865,4.4461578462173055,123,127,131,136,140
nu[267],22.25555,1.711195665910321,19,21,22,24,26
nu[268],12.84545,0.8878083732907721,12,12,13,14,15
nu[269],18.05545,1.5842666418694271,15,17,18,20,21
nu[27],399.4075,13.601826871222503,373,386,399,413,426
nu[270],46.56835,2.2189354342169216,43,44,46,49,51
nu[271],56.25175,1.9857918083110657,53,54,56,58,60.02499999999782
nu[272],102.115,3.7099276513375683,95,98,102,106,110
nu[273],10.3654,0.6043187073515973,10,10,10,11,12
nu[274],82.61155,2.8225794843099385,78,80,82,85,88
nu[275],26.8446,1.316790619983597,25,26,27,28,30
nu[276],136.1478,3.8891016206280145,129,132,136,140,144
nu[277],140.3081,6.093540100101663,129,134,140,146,152
nu[278],17.5183,1.5297326936775735,15,16,17,19,21
nu[279],6.03915,1.2915884358162317,4,5,6,7,9
nu[28],1088.0119,21.572385746164986,1046,1067,1088,1109,1131
nu[280],53.9622,2.057761618639047,50,52,54,56,58
nu[281],6.24,0.4944817748019987,6,6,6,7,8
nu[282],105.15935,3.4731485305895267,99,102,105,109,112
nu[283],1.02895,0.17062635543095722,1,1,1,1,2
nu[284],18.5232,1.7988950945451432,15,17,18,20,22
nu[285],7.91905,1.2649415406867923,6,7,8,9,11
nu[286],0.4038,0.6392698908128422,0,0,0,1,2
nu[287],1.05475,0.2352768693694174,1,1,1,1,2
nu[288],1.29545,0.534016438115665,1,1,1,2,3
nu[289],2.5016,0.9738813388925697,1,2,2,3,5
nu[29],258.63325,9.757540925753133,240,249,258,268,278
nu[290],9.98535,1.4636401503186385,7,9,10,11,13
nu[291],329.7524,6.736472611327375,317,323,330,336,343
nu[292],310.20885,7.649441638143865,296,303,310,318,325
nu[293],1090.79015,15.655544314423874,1060,1075,1091,1106,1121
nu[294],390.1983,8.876329003075087,373,381,390,399,408
nu[295],148.24145,5.092361780640449,138,143,148,153,159
nu[296],41.3112,3.251473998690365,35,38,41,45,48
nu[297],260.88045,6.452839665952379,249,254,261,267,274
nu[298],943.11665,20.269439688525342,903,923,943,963,984
nu[299],56.8285,2.8359636606441665,52,54,57,60,63
nu[3],259.95255,9.911438358180714,241,250,260,270,279
nu[30],29.40605,3.679816632663037,23,26,29,33,37
nu[300],23.1609,2.0170311377692247,20,21,23,25,27
nu[301],4.38245,0.9835295440494356,3,3,4,5,6
nu[302],274.0362,5.957202697004645,263,268,274,280,286
nu[303],20.60205,2.760464961893365,16,18,20,23,26
nu[304],110.31785,6.878218291959343,97,103,110,117,124
nu[305],31.44285,1.538392735978147,29,30,31,33,35
nu[306],73.91915,3.775980161336751,67,70,74,78,82
nu[307],285.767,6.8934234574954045,273,279,286,293,299
nu[308],45.37045,3.4193129986254007,39,42,45,49,52
nu[309],115.02835,6.658412949093103,102,108,115,122,128
nu[31],252.33005,8.56770023237637,236,244,252,261,269
nu[310],38.7962,4.039737805115068,31,35,39,43,47
nu[311],24.69135,3.9549800594774505,18,21,24,29,33
nu[312],30.93045,2.9625245357769403,25,28,31,34,37
nu[313],10.2661,2.193748257337235,6,8,10,12,15
nu[314],32.00155,2.678209520894815,27,29,32,35,38
nu[315],192.63005,5.874930870924178,181,187,193,198,204
nu[316],35.66195,2.4558651756944085,31,33,36,38,41
nu[317],127.1631,5.027609992144572,118,122,127,132,137
nu[318],135.55095,5.557107896191011,125,130,135,141,147
nu[319],183.069,3.81744255272854,176,179,183,187,191
nu[32],23.60285,3.5630964988802853,17,20,23,27,31
nu[320],55.9164,3.704024436994377,49,52,56,60,64
nu[321],44.7428,3.803770707282024,38,41,45,48,53
nu[322],20.2031,2.436379934936177,16,18,20,23,25
nu[323],98.0545,6.044473222111784,87,92,98,104,110
nu[324],64.574700000000007,3.464912724876245,58,61,64,68,72
nu[325],203.35365,7.382276517296582,189,196,203,211,218
nu[326],38.65445,2.530921862834641,34,36,38,41,44
nu[327],31.7291,2.383463285822146,27,29,32,34,37
nu[328],20.71505,1.8937351475695559,17,19,21,23,25
nu[329],244.15075,8.355508073316376,228,236,244,252,261
nu[33],20.43875,3.2941145998660297,15,17,20,24,27
nu[330],113.47745,5.041920521550168,104,108,113,119,124
nu[331],450.45995,10.625377213517861,430,440,450,461,472
nu[332],47.1863,3.2957147019685022,41,44,47,50,54
nu[333],57.90095,3.4585166132835665,51,54,58,61,65
nu[334],9.70595,1.6164823686827243,7,8,10,11,13
nu[335],156.90325,6.053645328939336,145,151,157,163,169
nu[336],234.48765,9.155224649587828,217,225,234,244,253
nu[337],91.93325,3.52116662034321,85,88,92,95,99
nu[338],6.195,1.8137914687128123,3,4,6,8,10
nu[339],280.5794,7.649485039600283,266,273,280,288,296
nu[34],657.8401,16.48445992020787,626,641,658,674,691
nu[340],64.8028,1.6934744027523476,62,63,65,66,69
nu[341],386.0603,6.208743136462165,374,380,386,392,399
nu[342],1.96975,0.8767972263691378,1,1,2,3,4
nu[343],191.09215,6.409189672892557,179,185,191,198,204
nu[344],160.6151,8.204341384345138,145,152,161,169,177
nu[345],3.30505,1.0672166814065267,2,2,3,4,6
nu[346],2.1249,0.352003104118839,2,2,2,2,3
nu[347],8.0164,1.5797961348831162,5,6,8,10,11
nu[348],27.73115,2.43966540244034,23,25,28,30,33
nu[349],92.1146,4.139543891684758,84,88,92,96,100
nu[35],375.03,12.194553511989154,352,363,375,387,400
nu[350],208.92315,6.54547066579725,196,202,209,215,222
nu[351],151.6249,5.450650004290534,141,146,152,157,162
nu[352],70.07375,3.8316504296126315,63,66,70,74,78
nu[353],101.8106,4.328344298714944,94,98,102,106,111
nu[354],450.8592,10.420009797990025,431,440,451,461,472
nu[355],4.1625,1.5852821218857114,2,3,4,6,8
nu[356],62.86905,5.023013401403707,53,58,63,68,73
nu[357],133.01485,7.927488362090882,118,125,133,141,149
nu[358],8.7913,2.5024502837959823,5,6,9,11,14
nu[359],97.17095,5.2493146088507014,87,92,97,102,108
nu[36],129.23555,7.613025949365042,115,122,129,137,144
nu[360],3.0783,1.4738648933623162,1,2,3,4,6
nu[361],0.49205,0.7233691731390722,0,0,0,1,2
nu[362],236.0289,8.49436710435963,220,228,236,244,253
nu[363],54.21785,3.9032874811058074,47,50,54,58,62
nu[364],35.76705,3.259312113510104,30,33,36,39,42
nu[365],109.2783,7.869634404931628,94,102,109,117,125
nu[366],51.50495,5.741317238550894,41,46,51,57,63
nu[367],406.21755,14.42146736409109,378,392,406,421,435
nu[368],462.7244,15.594444651067029,433,447,462,478,494
nu[369],237.55285,10.226007795776257,218,227,237,248,258
nu[37],334.16955,12.261521930148115,311,322,334,346,358
nu[370],27.5242,4.353097958131936,20,23,27,32,37
nu[371],45.8122,4.234020253420456,38,42,46,50,54
nu[372],6.34925,1.7285322758604915,4,5,6,8,10
nu[373],1.68555,0.8539365654911352,1,1,1,2,4
nu[374],15.85705,3.4102047991783424,10,12,16,19,23
nu[375],1.80845,0.9225514362667185,1,1,2,3,4
nu[376],10.99625,3.4147794911896607,5,8,11,14,18
nu[377],12.15425,3.1962583970772718,6,9,12,15,19
nu[378],18.21765,3.390833727148556,12,15,18,22,25
nu[379],1002.81155,22.759038540528692,959,980,1003,1025,1048
nu[38],77.8951,6.037318813092755,66,72,78,84,90
nu[380],681.5415,20.679072971314472,642,661,681,702,723
nu[381],357.7668,12.816279905320837,333,345,358,371,383
nu[382],34.04425,4.772801160644167,25,29,34,39,44
nu[383],362.78305,11.578393051575878,341,351,363,374,386
nu[384],13.4494,3.376789862500889,7,10,13,17,21
nu[385],15.7012,2.919134225627789,10,13,16,19,22
nu[386],1.26565,1.1447032780505622,0,0,1,2,4
nu[387],1.2683,1.1602510155656773,0,0,1,2,4
nu[388],48.95535,4.025824976428692,42,45,49,53,57
nu[389],7.0855,2.5706458645656642,3,5,7,10,13
nu[39],366.3587,12.098853392891037,343,354,366,378,391
nu[390],8.03995,2.7575050660351295,3,5,8,11,14
nu[391],15.4804,1.9514625925986548,12,14,15,17,20
nu[392],7.0698,2.75943992241793,2,4,7,10,13
nu[393],7.8995,2.061458762772621,4,6,8,10,12
nu[394],36.62645,4.47734438346397,28,32,36,41,46
nu[395],279.0384,11.044099059959706,258,268,279,290,301
nu[396],3.0344,1.3405620072658624,1,2,3,4,6
nu[397],12.91405,2.562516521321344,8,10,13,15,18
nu[398],4.5533,1.9355222608692941,1,3,4,6,9
nu[399],5.2637,1.4058666839556513,3,4,5,7,8
nu[4],124.70675,5.591200006561567,114,119,125,130,136
nu[40],306.19065,10.703033697228786,286,296,306,317,328
nu[400],16.82005,3.235211171943196,11,14,17,20,24
nu[401],0.17375,0.42880080574386464,0,0,0,0,1
nu[402],8.56625,2.1387004557632423,5,6,8,11,13
nu[403],4.98275,2.0951543907541175,2,3,5,7,10
nu[404],7.01715,1.8106959458979284,4,5,7,9,11
nu[405],1.2851,0.5504844608679397,1,1,1,2,3
nu[406],3.44365,1.1417485962298912,2,2,3,5,6
nu[407],7.82745,1.8697730611133139,5,6,8,10,12
nu[408],4.1585,1.5839201969035996,2,3,4,6,8
nu[409],21.4252,4.577057180396682,13,17,21,26,31
nu[41],708.29085,17.74278717119536,675,691,708,726,743
nu[410],19.022,4.517846450116152,11,15,19,23,28
nu[411],62.67005,8.595456770373218,46,54,62,71,80
nu[412],46.80785,5.981932593516646,36,41,47,53,59
nu[413],16.36995,3.5328757490255946,10,13,16,20,24
nu[414],35.7057,4.916034568612503,27,31,35,41,46
nu[415],179.0629,9.702131217289725,160,169,179,189,198
nu[416],1730.27745,34.91941923614256,1662,1696,1730,1765,1799
nu[417],8.8039,2.5133962377692316,4,6,9,11,14
nu[418],22.1296,2.6320999672333203,17,20,22,25,28
nu[419],0.8319,0.9509929596902147,0,0,1,2,3
nu[42],111.18875,5.778286326164702,100,105,111,117,123
nu[420],23.4523,4.940601702956715,14,19,23,28,34
nu[421],111.12785,6.429017886975347,99,105,111,117,124
nu[422],201.91895,11.617505292400773,180,190,202,214,225
nu[423],6.27005,1.8978416919370136,3,4,6,8,10
nu[424],43.693,4.740872788184181,35,39,44,48,53
nu[425],65.3152,7.530430554039602,51,58,65,73,81
nu[426],123.95185,6.974751890619237,111,117,124,131,138
nu[427],394.21535,13.786590509672635,368,381,394,408,422
nu[428],235.9938,9.683090915223374,217,226,236,246,255
nu[429],15.81335,3.1214418058724065,10,13,16,19,22
nu[43],208.68915,8.917948125406298,192,200,209,218,227
nu[430],143.9531,7.11497234931914,131,137,144,151,158
nu[431],38.67105,4.6279815047319355,30,34,39,43,48
nu[432],44.59695,4.489789372334865,36,40,44,49,54
nu[433],30.7313,5.063712311053813,21,26,31,36,41
nu[434],17.80905,3.06195311449156,12,15,18,21,24
nu[435],17.3367,3.9464049229128677,10,13,17,21,26
nu[436],31.01615,5.107278472158193,22,26,31,36,41
nu[437],28.8819,4.944428658473782,20,24,29,34,39
nu[438],65.063,5.363540750145343,55,60,65,70,76
nu[439],78.7647,6.477880213203239,67,72,79,85,92
nu[44],12.9096,3.0336756582404742,7,10,13,16,19
nu[440],37.83505,4.077091197303589,30,34,38,42,46
nu[441],124.1191,9.308316036070705,106,115,124,133,143
nu[442],88.5865,5.9310687594084355,77,83,88,94,101
nu[443],119.2232,8.520640341288278,103,111,119,128,136
nu[444],62.8815,5.247412173321747,53,58,63,68,74
nu[445],13.26035,2.3783504167879927,9,11,13,16,18
nu[446],4.62465,1.8348380607115176,2,3,4,6,9
nu[447],810.2826,17.142981984811346,777,793,810,827,844
nu[448],43.40795,6.591289634999562,31,37,43,50,57
nu[449],108.0519,10.818251158015531,87,97,108,119,130
nu[45],212.78125,7.884180772459662,198,205,213,221,229
nu[450],244.8047,6.859738384992102,232,238,245,252,259
nu[451],21.5397,3.641261711185155,15,18,21,25,29
nu[452],30.35735,3.246440812089105,25,27,30,34,37
nu[453],82.79725,7.170265899752527,69,76,83,90,98
nu[454],645.19225,17.841194056109916,611,628,645,663,681
nu[455],17.5215,3.478109056963445,11,14,17,21,25
nu[456],26.29685,3.819942365466238,19,23,26,30,34
nu[457],104.19175,7.904151169973199,89,96,104,112,120
nu[458],39.06225,3.5802536011143045,33,36,39,43,47
nu[459],64.78545,7.317335270935082,51,57,65,72,80
nu[46],21.66685,4.64359119911103,13,17,21,26,31
nu[460],4.3292,1.4582296395576484,2,3,4,6,8
nu[461],123.8651,7.840170623383775,109,116,124,132,140
nu[462],278.4954,15.423678981801475,249,263,278,294,310
nu[463],12.7924,2.160679445633514,9,11,13,15,17
nu[464],0.3256,0.5960724831094733,0,0,0,1,2
nu[465],12.82345,2.4063602444316285,9,10,13,15,18
nu[466],11.7377,2.6732295108727464,7,9,12,14,17
nu[467],8.4127,3.03518357384971,3,5,8,11,15
nu[468],20.8777,4.687391736570093,12,16,21,25,31
nu[469],15.61715,3.919776028002712,9,12,15,20,24
nu[47],6.13695,2.576689089477994,2,4,6,9,12
nu[470],13.5476,3.856822266309364,7,10,13,17,22
nu[471],34.4244,4.032170328728364,27,30,34,38,43
nu[472],150.03235,9.609657681392116,132,140,150,160,169
nu[473],9.34075,1.5052085304488183,7,8,9,11,13
nu[474],57.50395,4.6464356086890835,49,53,57,62,67
nu[475],78.980950000000007,6.320196542966002,67,73,79,85,92
nu[476],5.4832,2.1814572417962523,2,3,5,8,10
nu[477],12.4862,3.276514357868085,7,9,12,16,19
nu[478],26.66865,1.8679752793015822,24,25,27,29,31
nu[479],1.37955,0.6328600343607328,1,1,1,2,3
nu[48],9.50005,2.2409933288734605,6,7,9,12,14
nu[480],67.68185,5.050297600418521,58,63,67,73,78
nu[481],84.95125,5.1266156035806585,75,80,85,90,95
nu[482],6.6626,2.0410706843411344,3,5,6,9,11
nu[483],353.2394,13.998788731326348,326,339,353,367,381
nu[484],200.60635,7.725391495658213,186,193,200,208,216
nu[485],487.7819,14.824365769941846,459,473,488,503,518
nu[486],467.85155,14.964027155246008,439,453,468,483,498
nu[487],220.2484,9.451855072853055,202,211,220,230,240
nu[488],12.688,3.696030171948204,6,9,12,16,20
nu[489],34.67965,3.529822780245811,28,31,35,38,42
nu[49],192.02835,7.502110393783773,178,185,192,199,207
nu[490],15.8982,1.8769424353572586,13,14,16,18,20
nu[491],0.53715,0.7449480685800283,0,0,0,1,2
nu[492],18.48615,3.1950302953852936,13,15,18,22,25
nu[493],2.4201,1.0476501651522496,1,1,2,3,5
nu[494],14.5611,3.127148180497182,9,11,14,18,21
nu[495],29.07135,3.4697206120314923,23,26,29,33,36
nu[496],8.7957,2.7269824589951215,4,6,9,11,15
nu[497],870.47345,20.386789255699586,832,850,870,891,911
nu[498],1327.00395,26.461828089056805,1276,1301,1327,1353,1380
nu[499],188.12475,9.664303253487535,170,179,188,198,208
nu[5],284.15705,10.091782672123827,265,274,284,294,304
nu[50],0.4957,0.7179187143152176,0,0,0,1,2
nu[500],47.81065,4.721854653953602,39,43,48,52,57
nu[501],158.6126,7.958686340999571,143,151,158,166,175
nu[502],11.80495,3.054418434186581,6,9,12,15,18
nu[503],7.67615,2.391287747293268,4,5,7,10,13
nu[504],3.70905,1.2282400116330012,2,3,4,5,6
nu[505],1.00445,1.0363801916745605,0,0,1,2,3
nu[506],9.50865,2.5738019349436727,5,7,9,12,15
nu[507],5.697,2.2121337384491078,2,4,6,8,10
nu[508],12.1384,2.6369476890252685,7,10,12,15,18
nu[509],1.2787,1.1673450409892376,0,0,1,2,4
nu[51],0.23055,0.4865270115077258,0,0,0,1,1
nu[510],13.2372,2.6359976449495512,9,11,13,16,19
nu[511],8.30095,1.9081302747866271,5,6,8,10,12
nu[512],38.01415,3.9762092864328134,31,34,38,42,46
nu[513],298.16775,10.858103188759154,277,287,298,309,320
nu[514],4.6501,1.4173109851128813,2,3,4,6,8
nu[515],24.64085,2.8264749646046607,20,22,25,27,31
nu[516],6.42815,1.8702706951465597,3,5,6,8,10
nu[517],3.3356,1.1400165007055354,2,2,3,4,6
nu[518],12.5928,2.847436312664069,8,10,12,15,19
nu[519],1.1356,0.37672235928699455,1,1,1,1,2
nu[52],2.82055,0.9361044343852737,2,2,3,4,5
nu[520],4.1615,1.8177686772931874,1,2,4,6,8
nu[521],11.72005,2.173870806468149,8,10,12,14,16
nu[522],11.29865,1.5186419891384855,9,10,11,13,15
nu[523],1.22035,0.4782335338154082,1,1,1,2,2
nu[524],5.10695,1.034004427339562,4,4,5,6,7
nu[525],10.2647,1.9297979469379731,7,8,10,12,14
nu[526],8.2155,1.7021470604007212,5,7,8,10,12
nu[527],19.75265,4.058730299254089,12,16,20,24,28
nu[528],15.74115,3.9668039344253994,8,12,16,20,24
nu[529],51.4921,7.518840617955241,37,44,51,59,67
nu[53],9.74025,3.2217850537313457,4,7,10,13,17
nu[530],74.0837,6.077124392510377,63,68,74,80,87
nu[531],22.7138,3.315092615893636,17,19,23,26,30
nu[532],110.27785,5.189238459281793,101,105,110,115,121
nu[533],274.99115,10.658407562112044,255,264,275,286,296
nu[534],1007.45875,28.026458437628534,953,980,1007,1035,1063
nu[535],4.36445,2.182123800501361,1,2,4,7,9
nu[536],3.44845,1.933682899023908,0,2,3,5,8
nu[537],4.095,1.0414553429992117,3,3,4,5,6
nu[538],18.1719,4.39381561638436,10,14,18,23,27
nu[539],59.3526,4.935817192174802,50,54,59,64,69
nu[54],53.04705,5.690286044239217,43,47,53,59,65
nu[540],686.99085,16.967178920949856,654,670,687,704,721
nu[541],3.6224,1.6668104729866478,1,2,3,5,7
nu[542],60.01145,6.8256610214629525,47,53,60,67,74
nu[543],182.34195,8.571883926955783,166,174,182,191,200
nu[544],86.71225,5.991481021395418,76,81,86,93,99
nu[545],253.15595,11.550658010802739,231,242,253,265,276
nu[546],127.8008,7.613292157199444,113,120,128,135,143
nu[547],17.119,3.0600338544466257,12,14,17,20,23
nu[548],41.35285,4.724358459689924,33,37,41,46,51
nu[549],67.65705,4.609999772494063,59,63,67,72,77
nu[55],276.43175,11.120329357701209,255,265,276,288,299
nu[550],14.0262,3.208804821334491,8,11,14,17,21
nu[551],61.33415,5.398189585410785,51,56,61,67,72
nu[552],17.6369,2.824510096081113,13,15,17,20,24
nu[553],17.97315,3.59358800799954,11,14,18,22,25
nu[554],87.32075,5.928222889604636,76,81,87,93,99
nu[555],17.95855,4.445719302711982,10,14,18,22,27
nu[556],47.3641,4.648947388989386,39,43,47,52,57
nu[557],146.15445,7.447064397190757,132,139,146,153,161
nu[558],13.9156,3.0609712702434453,8,11,14,17,20
nu[559],634.4016,15.290814494015454,605,619,634,650,665
nu[56],425.1791,13.589085927788704,399,412,425,439,452
nu[560],27.4782,4.143209271706368,20,23,27,32,36
nu[561],170.608,8.758656957752542,154,162,171,179,188
nu[562],18.99095,3.999545963718315,12,15,19,23,27
nu[563],7.95205,2.1961083630135003,4,6,8,10,13
nu[564],7.47715,1.7909601487504727,5,6,7,9,11
nu[565],144.6319,10.947995036524544,124,134,144,156,167
nu[566],38.73825,5.90762066627468,28,33,38,45,51
nu[567],168.1778,10.286110895954286,149,158,168,178,189
nu[568],50.73465,5.68812421764508,40,45,51,56,62
nu[569],16.29855,3.194484016849427,11,13,16,19,23
nu[57],78.4593,6.498696420264373,66,72,78,85,92
nu[570],11.1743,2.414852187102622,7,9,11,14,16
nu[571],95.09245,6.564812094446461,83,89,95,102,108
nu[572],437.3499,15.435921850481344,408,422,437,453,468
nu[573],13.5894,3.046403070603543,8,11,13,17,20
nu[574],27.07255,3.679193297540378,20,23,27,31,35
nu[575],224.0607,8.77868832904102,207,215,224,233,242
nu[576],14.1947,3.163762377236645,9,11,14,17,21
nu[577],95.513,6.80663995796575,83,89,95,102,109
nu[578],9.46375,1.2390168262112875,8,8,9,11,12
nu[579],78.95775,6.580131445798518,67,72,79,86,92
nu[58],423.4371,12.859720533923333,399,411,423,436,449
nu[580],343.3513,14.791836540180364,315,329,343,358,373
nu[581],4.115,1.6781882539783282,1,2,4,6,8
nu[582],0.2645,0.5383811314599323,0,0,0,1,2
nu[583],17.39095,2.587729297018057,13,15,17,20,23
nu[584],10.4594,2.5229684715616196,6,8,10,13,16
nu[585],16.128,2.970228461390744,11,13,16,19,22
nu[586],34.8842,4.559082102954603,26,30,35,39,44
nu[587],15.8201,3.520916902284472,10,12,16,19,23
nu[588],18.77285,3.585651366528206,12,15,19,22,26
nu[589],15.7326,3.429312649681082,10,12,16,19,23
nu[59],580.3676,14.007236714428347,553,566,580,594,608
nu[590],180.1921,9.51296075946473,162,171,180,190,200
nu[591],8.7754,1.7130095037910542,6,7,9,10,13
nu[592],19.96535,4.542904497847496,12,15,20,24,29
nu[593],235.5341,10.055575215751977,216,225,235,246,256
nu[594],11.00695,2.9011243550780375,6,8,11,14,17
nu[595],39.53675,4.395067151735637,32,35,39,44,49
nu[596],4.4237,1.7635855016672324,2,3,4,6,8
nu[597],0.62775,0.8093903218687085,0,0,0,1,3
nu[598],34.2718,6.184257191599585,23,28,34,40,47
nu[599],79.84285,5.7957599518242136,69,74,80,86,92
nu[6],380.1095,10.571215506263343,360,370,380,391,401
nu[60],636.45895,16.860810456320262,603,620,636,653,670
nu[600],6.71445,2.5282861406574173,2,4,7,9,12
nu[601],82.1918,7.080749932809141,69,75,82,89,97
nu[602],477.8579,16.451508751388385,446,461,478,494,510
nu[603],529.63255,17.50857098681673,496,512,529,547,564
nu[604],200.15965,10.309145250761103,181,190,200,211,221
nu[605],33.60595,4.982721743515195,24,29,33,38,44
nu[606],48.9606,4.2660705113582145,41,45,49,53,58
nu[607],9.9165,2.0699135192319953,6,8,10,12,14
nu[608],2.35465,1.1186759804776347,1,1,2,3,5
nu[609],22.96825,3.985126848583378,16,19,23,27,31
nu[61],988.40375,20.624788605771194,948,968,988,1009,1029
nu[610],1.0209,1.0521019608037467,0,0,1,2,4
nu[611],17.9212,3.9395007987468587,11,14,18,22,26
nu[612],20.2296,3.8052605482926487,13,16,20,24,28
nu[613],124.2328,5.832864242828539,113,118,124,130,136
nu[614],561.2548,18.929624758422243,525,543,561,580,599
nu[615],527.70575,20.619986084592902,488,507,527,548,569
nu[616],212.99925,11.464786151672238,191,202,213,224,236
nu[617],46.8953,5.427560301879807,37,41,47,52,58
nu[618],75.4026,7.754780465687238,61,68,75,83,91
nu[619],34.56185,4.368229463859636,27,30,34,39,44
nu[62],1020.5123,21.771634043232748,978,999,1020,1042,1064
nu[620],36.90125,3.6105332341651675,30,33,37,40,44
nu[621],3.2772,1.435884134657986,1,2,3,5,7
nu[622],5.0329,1.5973869826246645,2,3,5,7,9
nu[623],30.32365,3.934104032206953,23,26,30,34,38
nu[624],7.8989,2.897671239966615,3,5,8,11,14
nu[625],14.23825,3.268626796310106,8,11,14,17,21
nu[626],2.10355,1.483926379364742,0,1,2,4,5
nu[627],30.35525,3.860491239095092,23,27,30,34,38
nu[628],6.1482,2.214538771188817,2,4,6,8,11
nu[629],30.54945,4.798802571767932,22,26,30,35,41
nu[63],507.6224,12.371938873255527,484,495,507,520,532
nu[630],272.79165,11.711421696250506,250,261,273,285,296
nu[631],2.9189,1.4454505375012607,1,1,3,4,6
nu[632],7.89845,2.5950865729715074,3,5,8,10,14
nu[633],6.4576,2.297839472920632,3,4,6,9,11
nu[634],5.3856,1.5192524630233564,3,4,5,7,9
nu[635],12.5184,3.522425558346227,6,9,12,16,20
nu[636],0.2313,0.504691039797845,0,0,0,1,2
nu[637],5.2995,2.4000599501653963,1,3,5,8,10
nu[638],30.08125,3.3528212758848652,24,27,30,33,37
nu[639],11.78375,2.3108987321271863,8,10,12,14,17
nu[64],128.78745,6.831156983468282,116,122,129,136,143
nu[640],0.37075,0.6241906104674778,0,0,0,1,2
nu[641],1.0772,1.0678469810131312,0,0,1,2,4
nu[642],7.1133,1.9758690019622431,4,5,7,9,11
nu[643],6.38915,1.8011869673148282,3,5,6,8,10
nu[644],28.1931,5.322342412550917,18,23,28,33,39
nu[645],31.09655,5.216214004613493,22,26,31,36,42
nu[646],81.3132,9.763358639248985,63,72,81,91,101
nu[647],82.42055,7.032777594630706,69,75,82,89,97
nu[648],35.10695,4.427402375218409,27,31,35,39,44
nu[649],63.3442,5.709225527407796,53,58,63,69,75
nu[65],72.16245,5.24198759243047,62,67,72,77,83
nu[650],136.7161,9.498137265831154,119,127,136,146,156
nu[651],1965.8199,38.46125488587636,1891,1928,1966,2004,2042
nu[652],8.68745,2.750425556079732,4,6,8,11,15
nu[653],8.90385,2.4999835346224097,5,6,9,11,14
nu[654],2.0678,1.0996197607268423,1,1,2,3,5
nu[655],34.2804,5.676925859508992,24,29,34,40,46
nu[656],27.8293,5.369357783771813,18,22,28,33,39
nu[657],553.18395,16.768702152107466,521,537,553,570,586
nu[658],5.85895,2.1486474191422125,2,4,6,8,11
nu[659],70.1076,8.467030575729593,54,62,70,79,87
nu[66],107.47845,6.311158937457997,96,101,107,114,120
nu[660],99.59995,7.419626846454461,86,92,99,107,115
nu[661],385.15765,14.693893017240242,357,371,385,400,414
nu[662],98.4792,8.18710075612492,83,90,98,107,115
nu[663],18.4177,3.538947995894389,12,15,18,22,26
nu[664],95.93005,6.6926673746219,83,89,96,103,109
nu[665],72.88995,5.834658615511082,62,67,73,79,85
nu[666],48.17185,4.631391806682212,40,44,48,53,58
nu[667],43.46535,5.814653032382421,33,38,43,49,55
nu[668],10.34595,3.1020396080621566,5,7,10,13,17
nu[669],36.59945,4.808998442586611,28,32,36,41,47
nu[67],354.64605,11.063104854061194,333,344,355,366,377
nu[670],74.03555,6.535076247342411,62,67,74,81,87
nu[671],79.1543,6.650541556531216,67,73,79,86,92
nu[672],45.4825,5.1737251687353965,36,40,45,51,56
nu[673],67.579,6.5698262633692215,55,61,67,74,81
nu[674],33.17685,4.151329396023442,26,29,33,37,42
nu[675],113.65535,10.248288527768231,94,103,113,124,134
nu[676],61.8126,5.616970603264586,51,56,62,67,73
nu[677],79.71755,8.70685720944264,63,71,79,88,97
nu[678],80.45875,5.854281515959288,69,75,80,86,92
nu[679],7.06365,2.616035332242915,3,4,7,10,13
nu[68],259.92905,11.311052696064746,238,249,260,271,282
nu[680],7.6576,2.113264189418051,4,6,7,10,12
nu[681],361.43495,14.901549292139558,333,347,361,376,391
nu[682],77.25785,7.4159027203812835,63,70,77,85,92
nu[683],140.67395,12.132299906965413,117,129,140,153,165
nu[684],68.9955,7.031248230050329,56,62,69,76,83
nu[685],53.75165,5.020839842012159,44,49,54,59,64
nu[686],7.49055,2.5551197876727514,3,5,7,10,13
nu[687],70.3544,7.56628462808222,56,63,70,78,86
nu[688],781.06885,20.724871186373843,741,760,781,802,823
nu[689],18.81215,3.8069524585751378,12,15,19,23,27
nu[69],253.9703,9.52139437044475,236,244,254,263,273
nu[690],26.9258,4.135571243187105,19,23,27,31,36
nu[691],66.55165,7.8976231171184725,51,59,66,74,82
nu[692],22.3423,3.9666884728790177,15,18,22,26,31
nu[693],62.30785,7.873384144470236,48,54,62,70,78
nu[694],4.3009,1.5239341549966714,2,3,4,6,8
nu[695],58.50825,7.5676875881785834,44,51,58,66,74
nu[696],1033.6595,23.124164765452786,988,1011,1034,1057,1080
nu[697],17.5671,2.7636894704312067,13,15,17,20,23
nu[698],1.3978,0.6638352158930793,1,1,1,2,3
nu[699],8.73235,2.5158755849600465,4,6,9,11,14
nu[7],11.67645,1.8882647257956047,9,10,12,14,16
nu[70],167.9,8.30371890103373,152,160,168,176,184
nu[700],12.0305,2.9769469025569175,7,9,12,15,18
nu[701],11.4197,3.4128923659727666,5,8,11,15,19
nu[702],38.90185,5.510284451753616,29,33,39,44,50
nu[703],17.94805,4.402774173009662,10,14,18,22,27
nu[704],28.949,4.53462535843448,20,25,29,33,38
nu[705],38.5246,4.713863157251523,30,34,38,43,48
nu[706],140.9557,10.169985690277349,122,131,141,151,161
nu[707],6.0713,1.417821152628537,4,5,6,7,9
nu[708],80.8299,4.902904028572943,72,76,81,86,91
nu[709],134.561,8.386059581219529,119,126,134,143,151
nu[71],632.13525,18.122634436842993,598,614,632,650,668
nu[710],4.53115,2.2168390551119224,1,2,4,7,9
nu[711],53.5706,4.347362489835693,45,49,53,58,62
nu[712],3.6348,1.3276359029696774,2,2,3,5,7
nu[713],0.3927,0.6431231533459214,0,0,0,1,2
nu[714],215.6696,7.242034119838831,202,208,215,223,230
nu[715],39.61455,4.196469803947173,32,35,39,44,48
nu[716],16.35785,2.253984782528744,12,14,16,19,21
nu[717],73.7079,6.590140293457629,61,67,74,80,87
nu[718],219.362,8.534933992416823,203,211,219,228,236
nu[719],350.61045,13.05856144829328,326,338,350,364,377
nu[72],341.61255,11.520910079761391,319,330,342,353,365
nu[720],473.70525,15.09097940229383,444.975,459,473,489,504
nu[721],250.70805,10.141339040549573,231,241,251,261,271
nu[722],18.36675,3.7914328670912107,12,15,18,22,26
nu[723],33.84975,3.6250975164952672,27,30,34,37,41
nu[724],7.98685,1.6431713477612493,5,6,8,10,12
nu[725],3.722,1.098032915633264,2,3,4,5,6
nu[726],16.4594,3.1304379281629777,11,13,16,20,23
nu[727],7.90635,0.9578755419038804,7,7,8,9,10
nu[728],8.63595,3.066967217283996,3,6,8,12,15
nu[729],16.53785,3.053069511028611,11,14,16,20,23
nu[73],627.6783,16.35857234768545,596,612,627,644,660
nu[730],8.91875,2.765362688516627,4,6,9,12,15
nu[731],330.6442,14.161116948237934,303,317,330,345,359
nu[732],708.61145,19.70096914638396,671,689,708,728,748
nu[733],432.82165,12.97884292977175,408,420,433,446,459
nu[734],44.21335,4.628434173415912,36,40,44,49,54
nu[735],109.16595,6.998454080400675,96,102,109,116,123
nu[736],34.66835,3.7994841862421542,28,31,35,38,43
nu[737],56.9102,3.5914733597848794,50,53,57,60,64
nu[738],5.49615,1.2082045213491568,4,4,5,7,8
nu[739],0.99075,1.010502594392854,0,0,1,2,3
nu[74],202.46190000000001,8.287067163002076,187,194,202,211,219
nu[740],27.8446,3.102310760804432,22,25,28,31,34
nu[741],52.1467,3.073329038285546,47,49,52,55,59
nu[742],12.6449,2.612478754413738,8,10,12,15,18
nu[743],4.49185,1.415497707235068,2,3,4,6,8
nu[744],16.84475,2.7972376846512037,12,14,17,20,23
nu[745],21.1576,1.7969206120984207,18,19,21,23,25
nu[746],65.1363,4.482323824908542,57,61,65,70,74
nu[747],152.77195,8.588424258795195,136,144,153,161,170
nu[748],2.1696,1.1123837961267895,1,1,2,3,5
nu[749],46.9214,2.9583542101954636,42,44,47,50,53
nu[75],79.359,6.460433875545209,67,73,79,86,93
nu[750],3.8003,1.7099316077859488,1,2,4,5,8
nu[751],6.37435,1.1768947835581194,5,5,6,7,9
nu[752],41.30595,3.359882295252467,35,38,41,45,48
nu[753],0.1346,0.37415216088111525,0,0,0,0,1
nu[754],49.45935,2.3535982131043185,45,47,49,52,54
nu[755],29.28105,2.9984680151740712,24,26,29,32,35
nu[756],15.9348,1.6812763884963091,13,14,16,18,20
nu[757],1.2342,0.49036963927139826,1,1,1,2,3
nu[758],5.7668,0.8931727984452238,5,5,6,7,8
nu[759],20.85275,1.7082193472054883,18,19,21,23,25
nu[76],241.72635,10.74199865966584,221,231,242,253,263
nu[760],11.21375,1.7083345274983088,8,10,11,13,15
nu[761],16.3668,4.082118438329226,9,12,16,20,25
nu[762],29.1505,4.337544289632539,21,25,29,33,38
nu[763],51.16865,7.469899406776309,37,44,51,59,66
nu[764],60.6983,5.530434557547821,50,55,60,66,72
nu[765],12.26365,3.0954672948342186,7,9,12,15,19
nu[766],78.9027,5.274469045428723,69,74,79,84,90
nu[767],146.2536,8.811655310069074,129,138,146,155,164
nu[768],1759.7443,33.78127404693043,1694,1726,1760,1793,1826
nu[769],9.1436,2.3371461555939863,5,7,9,11,14
nu[77],34.5451,5.1272390639624605,25,29,34,40,45
nu[770],11.39685,2.2335419210248895,8,9,11,14,16
nu[771],1.69305,0.8597491819901292,1,1,1,2,4
nu[772],19.30775,4.437941493951295,11,15,19,24,29
nu[773],110.1992,5.657518867488376,99.97500000000002,105,110,116,121
nu[774],293.1715,12.242511249906418,270,281,293,305,318
nu[775],5.79935,1.8259946030353233,3,4,6,8,10
nu[776],15.8709,3.6816994629581985,9,12,16,20,24
nu[777],199.79575,8.184380315061167,184,192,200,208,217
nu[778],95.59105,6.375746419409889,83,89,95,102,108
nu[779],259.6953,11.379351141063326,238,248,259,271,283
nu[78],59.4202,5.7683616096586485,49,54,59,65,71
nu[780],144.52965,7.942737263139315,129,137,144,153,161
nu[781],52.1126,3.2300221194512404,46,49,52,55,59
nu[782],46.4377,4.972238416221082,37,41,46,51,57
nu[783],54.762,4.644172091634874,46,50,55,59,64
nu[784],43.853,4.181502750000548,36,40,44,48,52
nu[785],43.43175,5.011795869984379,34,38,43,48,54
nu[786],29.9229,2.8339472741844367,25,27,30,33,36
nu[787],25.417,3.880008211742108,18,22,25,29,33
nu[788],50.90665,5.1748502134108305,41,46,51,56,61
nu[789],55.809,5.235798857813803,46,51,56,61,67
nu[79],372.36745,13.411514602523381,347,359,372,386,399
nu[790],28.0487,4.031419219958043,21,24,28,32,36
nu[791],84.55745,6.178317576646992,73,78,84,91,97
nu[792],47.13485,4.056511831846645,40,43,47,51,55
nu[793],156.9556,9.154415262917642,140,148,157,166,175
nu[794],39.0197,4.487440112796856,31,35,39,43,48
nu[795],262.937,10.297321629512988,243,253,263,273,284
nu[796],93.8478,5.77445256064312,83,88,94,100,106
nu[797],19.62615,2.2081055146886786,16,17,19,22,24
nu[798],6.2523,1.769746114578677,3,5,6,8,10
nu[799],362.6924,12.84355597513782,338,350,362,375,388
nu[8],85.2384,4.338064819746185,77,81,85,90,94
nu[80],667.61855,17.55946931560374,633,650,668,685,702
nu[800],348.693,9.416378518794607,331,339,349,358,367
nu[801],772.00205,15.725209375648763,741,757,772,787,803
nu[802],115.9263,6.861940149923468,103,109,116,123,130
nu[803],23.371,3.561684051072731,17,20,23,27,31
nu[804],15.2045,2.113055370819799,12,13,15,17,20
nu[805],226.47855,9.299186181634273,209,217,226,236,245
nu[806],261.2302,12.948200290176985,236,248,261,274,287
nu[807],16.89315,3.2160768391026617,11,14,17,20,24
nu[808],84.42765,4.694866086043113,76,80,84,89,94
nu[809],39.34105,6.33099826049974,28,33,39,46,52
nu[81],301.7746,11.84031268549209,279,290,302,314,325
nu[810],29.37485,3.672126319053687,23,26,29,33,37
nu[811],141.25465,7.454172094309265,127,134,141,149,156
nu[812],3.1902,1.1199047590457136,2,2,3,4,6
nu[813],198.9451,8.460287513627474,183,191,199,207,216
nu[814],1207.07335,22.56083374652785,1163,1185,1207,1229,1252
nu[815],10.4045,2.0740045382644183,7,8,10,12,15
nu[816],0.2543,0.5254953066068989,0,0,0,1,2
nu[817],22.9954,2.405050530321853,19,21,23,25,28
nu[818],39.04075,3.218401364476784,33,36,39,42,46
nu[819],9.5841,2.772636212267921,5,7,9,12,15
nu[82],721.26905,16.607728710758266,689,705,721,738,754
nu[820],23.27635,4.304219672930501,15,19,23,28,32
nu[821],23.6457,3.7382977748586366,17,20,23,27,31
nu[822],92.26075,4.262941246475597,84,88,92,96,101
nu[823],20.96015,3.6237575192648763,14,17,21,25,28
nu[824],137.2892,8.50372148085548,121,129,137,146,154
nu[825],153.23585,7.617803247906622,139,146,153,161,169
nu[826],88.9689,6.799488542693817,76,82,89,96,103
nu[827],300.34995,10.998910573288137,279,289,300,311,322
nu[828],46.1554,4.457033104791239,38,42,46,51,55
nu[829],184.6082,9.153413680649342,167,176,184,194,203
nu[83],638.14735,18.556862769210035,602,620,638,656,675
nu[830],38.88725,5.303106974659756,29,34,39,44,50
nu[831],29.51975,2.897158886561255,24,27,29,32,36
nu[832],48.40105,4.114286726185258,41,44,48,52,57
nu[833],40.19495,3.569619252326415,34,37,40,44,47
nu[834],11.8384,3.140951881028445,6,9,12,15,18
nu[835],235.14985,10.27957092764194,215,225,235,245,256
nu[836],251.3016,10.91433431660764,230,240,251,262,273
nu[837],527.07365,15.033393689509753,498,512,527,542,557
nu[838],213.915,9.90116036880691,195,204,214,224,234
nu[839],62.4589,6.090424078278422,51,56,62,69,75
nu[84],546.16275,14.794174725809789,518,531,546,561,576
nu[840],164.1589,9.180264955503233,147,155,164,173,183
nu[841],261.21905,9.693387704294032,243,252,261,271,281
nu[842],72.215,4.605348571147935,64,68,72,77,82
nu[843],30.8455,2.9385134835617963,26,28,31,34,37
nu[844],142.8943,7.680213329969629,128,135,143,150,158
nu[845],158.34905,8.38406397422707,143,150,158,167,176
nu[846],201.1612,9.183688342195676,184,192,201,210,220
nu[847],287.64495,11.400999457807712,266,276,288,299,310
nu[848],720.54605,18.280634247119384,685,702,720,739,757
nu[849],869.06115,21.80278603186843,827,847,869,891,912
nu[85],124.1917,7.934349299403199,109,116,124,132,140
nu[850],965.6193,22.72474616391586,922,943,965,988,1011
nu[851],631.5829,17.473356675226295,598,614,631,649,666
nu[852],408.6669,15.17979465270479,379,394,408,424,438
nu[853],309.1569,11.696427775655929,287,298,309,321,333
nu[854],118.017,6.312836414416068,106,112,118,124,131
nu[855],79.3591,6.31101724264217,67,73,79,86,92
nu[856],134.2453,6.708791120903705,121,128,134,141,148
nu[857],96.6597,5.70433369300433,86,91,97,102,108
nu[858],232.8462,12.089663087020396,210,221,233,245,257
nu[859],533.74005,15.603058955536202,504,518,534,549,565
nu[86],254.74185,9.70864158693534,237,245,255,264,274
nu[860],338.1081,11.431248753412884,316,327,338,349,361
nu[861],382.4515,12.975506384657663,358,370,382,395,409
nu[862],143.2909,7.496871837264647,129,136,143,151,158
nu[863],421.1335,13.477869282568886,395,408,421,434,448
nu[864],285.49105,10.988874267430099,264,275,285,296,307
nu[865],648.75155,18.04279356744644,614,631,648,667,685
nu[866],142.5311,6.6310882482867815,130,136,142,149,156
nu[867],277.90875,10.438992866464895,258,268,278,288,299
nu[868],145.104,6.448741219274249,133,139,145,152,158
nu[869],105.42265,6.5956267399014985,93,99,105,112,119
nu[87],311.93625,11.067588288015802,291,301,312,323,334
nu[870],213.0016,8.444587792968363,197,205,213,221,230
nu[871],108.68925,5.438829238050596,98,103,109,114,120
nu[872],69.2607,4.238388102414132,61,65,69,73,78
nu[873],59.34355,5.584978334483536,49,54,59,65,71
nu[874],8.19295,1.1001276342045494,7,7,8,9,11
nu[875],1.8186,0.8487815157643194,1,1,2,3,4
nu[876],5.8417,1.4187817862829102,4,4,6,7,9
nu[877],100.9276,5.098672186256291,91,96,101,106,111
nu[878],256.5471,10.033066067296291,237,247,256,267,276
nu[879],665.3021,16.557093418143328,633.975,649,665,682,698
nu[88],147.2148,5.71086610415462,137,142,147,153,159
nu[880],512.11825,15.122863551180236,483,497,512,527,542
nu[881],445.4332,12.337408493780826,422,433,445,458,470
nu[882],362.2493,12.918583281447662,337,350,362,375,388
nu[883],283.0116,11.045622016359466,262,272,283,294,305
nu[884],499.92305,15.937836409907398,469,484,500,516,531
nu[885],314.79625,13.65685400890607,289,301,315,328,342
nu[886],721.9239,19.839301617860293,684,702,722,742,762
nu[887],235.04105,11.057869538090502,214,224,235,246,257
nu[888],72.1835,5.98387149643974,61,66,72,78,84
nu[889],42.23635,4.535759840794809,34,38,42,47,51
nu[89],48.18965,5.7466106579619085,37.97500000000002,42,48,54,60
nu[890],221.35015,8.692285244320852,205,213,221,230,239
nu[891],206.68255,9.441214557678434,189,197,207,216,226
nu[892],307.5338,12.657889581934045,283,295,307,320,333
nu[893],78.41865,6.532206033437933,66,72,78,85,92
nu[894],111.1664,7.446132102250411,97,104,111,119,126
nu[895],1027.1061,20.92868231105742,987,1006,1027,1048,1069
nu[896],84.4086,8.345299769415902,69,76,84,93,101
nu[897],271.19385,12.637138008281314,247,259,271,284,297
nu[898],29.8319,5.117523995312069,20,25,30,35,40
nu[899],188.5438,9.57220261555015,170,179,188,198,208
nu[9],19.4259,2.7561728926993334,14,17,19,22,25
nu[90],256.83805,10.067283134340983,238,247,257,267,277
nu[900],232.3978,10.770183610447388,212,222,232,243,254
nu[901],152.5459,7.694676964803716,138,145,152,160,168
nu[902],159.69075,8.11642213373068,144,152,160,168,176
nu[903],555.25705,15.119183337162562,526,540,555,570,585
nu[904],376.0647,14.914175657466881,347,361,376,391,406
nu[905],274.8094,12.119769638107963,251,263,275,287,299
nu[906],177.05585,11.170544741909056,156,166,177,188,200
nu[907],1091.81835,23.60906653552063,1045.975,1068,1092,1115,1138
nu[908],158.0327,10.202506322799456,139,148,158,168,178
nu[909],288.96785,11.134249635841954,268,278,289,300,311
nu[91],104.47235,9.82738848096056,86,95,104,114,125
nu[910],126.81145,8.318422849641511,111,119,127,135,144
nu[911],188.03335,9.531310511755638,170,179,188,197,207
nu[912],53.59115,5.41825244432923,44,48,53,59,65
nu[913],204.9952,9.043686547714982,188,196,205,214,223
nu[914],165.8501,9.050874317229813,148,157,166,175,184
nu[915],774.47965,18.574338108780825,738,756,774,793,811
nu[916],575.61115,15.628450278271522,546,560,575,591,607
nu[917],511.9644,15.347746098548791,482,497,512,527,542
nu[918],740.16165,18.191925862476147,705,722,740,758,776
nu[919],560.091,15.939012566846143,529,544,560,576,592
nu[92],99.0056,8.777045087386814,82,90,99,108,117
nu[920],649.76215,17.92082964553424,615,632,650,668,685
nu[921],433.4239,14.643033487344233,405,419,433,448,463
nu[922],407.29605,14.233837659050721,380,393,407,422,435
nu[923],768.0304,18.709253797222413,732,749,768,787,805
nu[924],531.4979,17.080034600933757,498.975,515,531,548,566
nu[925],423.59335,12.84572833335353,399,411,423,436,449
nu[926],339.58955,12.0580326175139,316,328,339,352,364
nu[927],558.60155,15.516772412741016,529,543,558,574,589
nu[928],974.07105,22.307061261999593,931,952,974,996,1019
nu[929],517.2536,13.57758463719639,491,504,517,531,544
nu[93],383.2445,13.60777271723451,357,370,383,397,410
nu[930],360.53625,11.11219870167468,339,349,360,372,383
nu[931],582.3982,15.3924943788899,553,567,582,598,613
nu[932],654.32015,20.501013842147717,614,634,654,675,695
nu[933],91.7878,5.277751783969691,82,87,92,97,103
nu[934],10.34205,1.9829645495875081,7,8,10,12,15
nu[935],111.9232,6.2813513298272605,100,106,112,118,125
nu[936],473.512,14.205905335011856,446,459,473,488,502
nu[937],1601.15505,28.920377399144545,1545,1572,1601,1630,1658
nu[938],348.9044,13.86139847051449,322,335,349,363,377
nu[939],172.76205,8.841048467483983,156,164,173,182,190
nu[94],226.63045,11.9899612491466,203,215,227,238,251
nu[940],399.51055,13.102796375627136,374,386,399,412,426
nu[941],224.00275,11.97647336377498,201,212,224,236,248
nu[942],680.17975,17.953686437061776,645,662,680,698,716
nu[95],139.75415,10.028855202580823,121,130,140,150,160
nu[96],727.8278,18.444287916529596,692,710,728,746,764
nu[97],198.40065,10.939721817906243,177,187,198,209,220
nu[98],561.4172,15.53767727592374,532,546,561,577,593
nu[99],458.5674,14.713007200060199,430,444,458,473,488
phi[1],0.13408246455,0.0019211343752084825,0.13043295,0.132234,0.134028,0.13594316,0.13794005
phi[10],0.33593596055,0.003401463640469874,0.32918297500000004,0.332543,0.335958,0.33936564,0.34246902500000004
phi[11],0.1516929509,0.0018448670478141192,0.147996975,0.14988384,0.15169,0.153515,0.15532622499999996
phi[12],0.29876608725,0.0030489712229887214,0.29274995000000004,0.29574,0.298786,0.301741,0.30480105
phi[13],0.091936968545,0.0016394130874406421,0.08875027500000002,0.090308084,0.0919353,0.093562544,0.09516621
phi[14],0.17646642055,0.0029726741396366844,0.170637925,0.173496,0.17644349999999998,0.179426,0.182299025
phi[15],0.07040887328,0.0011955205864930486,0.06807978999999999,0.0692209,0.07040805,0.07159376399999999,0.07280092
phi[16],0.15287604895,0.0023736559140435094,0.148272,0.150524,0.152867,0.155225,0.15763705
phi[17],0.1076392912,0.001915293959304967,0.103904,0.10572484,0.107623,0.10953,0.111433125
phi[18],0.20337147505,0.0033603965390891707,0.196877925,0.200037,0.20334449999999998,0.20667716,0.21004
phi[19],0.08277036424,0.001457913281184104,0.0799650725,0.08131798400000001,0.08275755,0.084208532,0.0856769075
phi[2],0.24682893875,0.0032866180819984734,0.240520925,0.243569,0.246801,0.25005615999999997,0.25348602499999995
phi[20],0.17695917205,0.0028324606957076115,0.171537,0.17415484,0.176907,0.179768,0.18258819999999998
phi[21],0.07561392088,0.0014720965902068265,0.07276888,0.07414742,0.07559735000000001,0.0771104,0.0784864
phi[22],0.147574994,0.002763080388520332,0.142215,0.14480968,0.14754,0.15034116,0.153038025
phi[23],0.057664743845,0.0010442587299093434,0.055650975,0.056632952,0.0576502,0.058706763999999995,0.0597216125
phi[24],0.12724869255,0.0021409248526012502,0.123098975,0.125092,0.127258,0.12939416,0.13145502499999998
phi[25],0.10682544729,0.0018421035743696947,0.103205975,0.104975,0.106833,0.108675,0.110397025
phi[26],0.20199830005,0.003263744124836622,0.195553875,0.198738,0.201991,0.20527316,0.208326125
phi[27],0.08212519421,0.0012618059758376084,0.07965796500000001,0.08086488400000001,0.0821312,0.08337856399999999,0.084571435
phi[28],0.17572141385,0.0024388128991368004,0.171012975,0.173277,0.175707,0.178154,0.180499
phi[29],0.11817896785,0.0017139345270151146,0.114888975,0.116463,0.118168,0.119892,0.121596
phi[3],0.10381438691,0.0014229608033579303,0.10113395,0.10243184,0.103766,0.105209,0.106741
phi[30],0.2209657499,0.003023746693202525,0.2151669,0.217924,0.220956,0.223982,0.22695412499999998
phi[31],0.09112210845,0.001178214268921308,0.08892378999999999,0.08994145199999999,0.0910886,0.09231646400000001,0.0934807025
phi[32],0.1928195058,0.002309667126704231,0.188451,0.190521,0.192759,0.19512716,0.19746605
phi[4],0.21630502485,0.0027128113040333487,0.211258975,0.21368,0.216209,0.218955,0.22189805
phi[5],0.11109259615,0.0014809327194174476,0.108192975,0.109633,0.11108,0.112557,0.114025
phi[6],0.2091789089,0.0026703638317559838,0.203898925,0.206537,0.209172,0.211851,0.21436624999999998
phi[7],0.08550189778,0.0010895660654400986,0.08347199500000001,0.08441470400000001,0.08547905,0.08657936399999999,0.08770892500000001
phi[8],0.18218445985,0.00217154480295239,0.17809095,0.180022,0.182132,0.184343,0.186601025
phi[9],0.19291300125,0.0022279054365883966,0.188521,0.190698,0.192932,0.195154,0.19717807499999998
