var,lo,mi,hi,n_eff,Rhat
lr0,4.94548826216505,5.5413302749497975,6.188014436359213,1273.1810130639533,1.0011405500065473
ls0[1],-1.4236874529695824,-0.8107367651032102,-0.15253491991021487,2472.9995616501874,1.0007206758842138
ls0[2],-0.3926117544563676,0.16402493544280217,0.7740144537730667,4041.207748310542,0.9996325851696473
ls0[3],-1.3575887875926054,-0.5565449809366367,0.28686195884063226,2792.947818923025,0.99965440586685
ls0[4],-1.627334444841628,-0.922560171572959,-0.2583941025834261,4608.333151763382,0.9995208944698262
x0[1],5.341004176878372,9.820780447899734,18.649924701919478,1514.4842446852288,1.0002812107778658
x0[2],0.1488181015638771,0.23214892997525804,0.38716548976916493,1134.9108985746825,1.0013110839711077
x0[3],0.06879609150593706,0.10204205102534836,0.16543604243272703,1270.23586059166,1.0008334700624555
x0[4],0.10884502748766414,0.14188542692866601,0.20696656363167565,2321.232919451675,1.0000192285027008
slr[1],1.2466096839651688,1.4455760237608541,1.6818302170779134,1797.555179702068,1.00104268687839
sls[1],1.7088939662311606,1.9446187169189098,2.233087516639504,982.5527436497317,1.004006172784008
zr[1],-2.1792425146165146,-1.7497506019694977,-1.3515336157961204,4145.774608748824,0.9997296677237613
zr[2],-0.7573460920873528,-0.31316375699974386,0.1283535002594269,4249.0648326134005,1.0001068042266335
zr[3],0.7002813226557207,1.1023708735915134,1.5392140826722187,3696.7718265144445,1.000184762517072
zr[4],1.8284842165445296,2.227379250658146,2.6574947139676253,3121.0191807104234,0.9999750304361921
zr[5],-1.444259774121142,-1.0763255340265423,-0.7137278133328026,4362.911129765734,0.9991686727699695
zr[6],-0.36722234104353946,0.035291859318563684,0.4722617142522377,3449.3337723195477,0.9998087949365814
zr[7],-0.2600652908436644,0.16726090356757256,0.586167611258619,3045.864107562564,1.000041673307713
zr[8],-1.1263697571112492,-0.7806735615068381,-0.4234195618470139,3205.001581203259,1.000419578180989
zr[9],0.03317697138367043,0.4308468533337755,0.7890365429774833,3146.587626456203,1.001183716680627
zr[10],-1.5916777128107948,-1.156144122473397,-0.7357426330451856,3642.923870264194,1.0027848638486565
zr[11],-0.504183103818802,-0.05011924950733753,0.39230989935173527,3650.888723322312,1.001998643013891
zr[12],0.873293284936403,1.2348451204889925,1.6165574576528476,4022.5767362918286,0.9998563057012616
zr[13],-2.2473573311996264,-1.810071068925743,-1.4230818952783806,3663.829272216077,0.9996578183302242
zr[14],0.05584879275446677,0.48233143233574727,0.9475994553041045,3810.35309094026,1.0001649002422481
zr[15],-0.26531962514151636,0.18616005528082857,0.6780646453316992,3184.7147747575777,1.0006023846791867
zr[16],-0.23663940019717797,0.24194296452919753,0.7059714267502022,4226.786067209933,1.0004021444120874
zr[17],-0.13126460225353606,0.3236617284365506,0.8081203726010409,4306.411088652356,0.999451640987915
zr[18],-0.9054435350607688,-0.3943261477862974,0.06297670918402017,3571.7912534219363,1.0009255134731456
zr[19],-0.972711762250615,-0.4995712348476422,0.017264947218967566,2722.3204296833674,1.0021554604884801
zr[20],-0.40146092575044373,0.12031110563929807,0.5769140359211069,3802.4731043018464,1.000941282897239
zr[21],-1.044403228237867,-0.6158350455065258,-0.20202832333756568,4051.239757660781,1.000442085788319
zr[22],0.023420867531813012,0.4228196487895426,0.8311825019684149,4300.698006799118,1.0000643596388614
zr[23],-1.1613691550421363,-0.6911881771887403,-0.19331252614425048,2786.82489543824,1.001208637753177
zr[24],-0.14062600815569432,0.3196997524154547,0.7802132036558349,4087.5716060211716,1.0002555902857901
zr[25],0.5506575664107823,0.9629141087112327,1.3767626515892466,4365.188146315356,1.000060570181308
zr[26],-0.8275480730816565,-0.41038312142728683,-0.03336714210594487,3928.8414556796047,1.000560623808374
zr[27],-0.3782362435125041,0.05539003368376354,0.47599702626527834,4203.444338963347,1.0016553324628186
zr[28],-1.1127526236830667,-0.7139022961088511,-0.3512618172956348,3341.165403044435,1.0006857171171089
zr[29],-1.2250272312071746,-0.820749248801801,-0.4127751146471252,3797.7918075316998,1.001142160048816
zr[30],-0.21040286263482183,0.18520331309871235,0.6356889763954046,3670.6329588487556,1.0003603010938362
zr[31],1.6551891440648199,2.0910146285608304,2.5287542760473434,3658.621195581473,0.9997127804643134
zr[32],-0.8555897057373465,-0.5805468876943107,-0.3291405750260707,4466.860421848066,0.9995771551689788
zr[33],0.6033530855569438,0.8544525662372783,1.1468133335351567,3268.0825487882794,1.0001285710594787
zr[34],-0.9348602986870254,-0.01912004337561419,0.9550011725301074,7900.261406410647,0.9992136681017272
"zs[1,1]",-2.437997799540576,-2.094178209255762,-1.7951554016720912,1695.416797779675,1.0031326207186637
"zs[1,2]",1.2129052952926012,1.5532881202787512,1.9453743286172018,3715.546694673332,1.0001309041375446
"zs[1,3]",0.1229159982780475,0.5868734631216048,1.098158302881381,3886.8278722675545,1.0009976286860707
"zs[1,4]",-1.436068082724777,-0.9473643077165979,-0.5397101975065918,4081.3343017591305,1.0002305332054588
"zs[1,5]",-0.5978888874033698,-0.3446474622278291,-0.11798786432998139,4813.843223091858,0.999446659853957
"zs[1,6]",0.39606059854650233,0.5901815492720639,0.8151862079785147,3182.5557636357107,0.9998728556729505
"zs[1,7]",0.9682679775473815,1.413095203316252,1.8912084789085362,3586.148190804424,1.0012318997613892
"zs[1,8]",-1.5509378731001617,-1.09316500369481,-0.666950781513735,3738.787494642776,1.0006092357180687
"zs[1,9]",0.6848474968240171,1.1071499834292227,1.5389952333201058,4058.949086426203,1.0016900312325387
"zs[1,10]",-2.082895530078332,-1.6283909617488996,-1.2033027811014265,3802.745657131066,1.001330581508575
"zs[1,11]",0.16193298329717162,0.520759693017352,0.9311839719986557,3799.5508178903974,1.0010056436218822
"zs[1,12]",0.03011953168544514,0.5021321746472586,0.9706104006965304,3738.2802817649517,1.0004869617705834
"zs[1,13]",-2.2222700470636747,-1.778849365364281,-1.3851143699746145,3614.549910103011,0.9999141614369187
"zs[1,14]",0.791758021197325,1.1311608296998537,1.5179698856796173,3096.397544829526,1.0004350905747912
"zs[1,15]",0.4494541211461485,0.9571680957216405,1.5082634551304352,4015.888803633116,0.9992431732595166
"zs[1,16]",-1.0966903548659417,-0.5168036334976561,0.06949680293709577,3039.812954393136,1.00012975428423
"zs[1,17]",-0.15485930452348887,0.39713787039044224,0.9605605299574246,4387.47407516086,0.9996457518505414
"zs[1,18]",-0.8189940812330414,-0.25085950018926273,0.35597691852030605,2999.474296652192,1.002450238234828
"zs[1,19]",0.01572461013519266,0.6523762874436011,1.3354094828259977,4272.2219794292205,1.0005354108287998
"zs[1,20]",-0.3437752755483767,0.4123473787635878,1.1995211570370414,4979.3341301851915,0.9993161076748346
"zs[1,21]",-0.5014403158658485,0.3081632249606785,1.0537567856949972,5906.941456219869,0.9994273524274195
"zs[1,22]",-1.1133636081824716,-0.30739255583762537,0.51095591932363,5990.556757066491,0.9999760497860645
"zs[1,23]",-0.8865352468283618,0.004641351682435379,0.7887427228428471,5121.271887150224,0.9994902151609399
"zs[1,24]",-1.6696162969138255,-0.961128060886602,-0.26279565380579284,3888.3797985078327,0.9999415304976595
"zs[1,25]",-0.8190479383134244,-0.10506050921393789,0.44747032308010676,3035.1195113035906,1.000822687984434
"zs[1,26]",-2.425555206830915,-1.9244881435293588,-1.4619389882376674,4182.612802671647,0.9998315700154514
"zs[1,27]",0.37657156536295416,0.708729022631081,1.1049727670522231,4126.3108719623315,1.0004366608335737
"zs[1,28]",0.6956303010316038,1.1136295469409312,1.594914575223176,3751.325349483246,1.0007144254724119
"zs[1,29]",-0.07049453370397143,0.40645744911683,0.9273562014074129,3815.4437186905297,0.9999829915564273
"zs[1,30]",-0.5466867945837597,0.07772652151111603,0.7156292742342636,4143.957862660527,1.000529397712939
"zs[1,31]",-1.0838001544629272,-0.4401805182467338,0.1365425657009762,3887.684597916273,1.0004139652454342
"zs[1,32]",-2.1904889835774823,-1.6477850850442115,-1.230547623468508,3922.9995927066984,0.9997810534222795
"zs[1,33]",1.002452134343334,1.2630352506939462,1.5710938087842998,3391.4831890945607,1.0005101906393852
"zs[1,34]",-0.9648766175045159,0.024018979832881697,0.986982360610547,8303.356279541802,0.9997910581863356
"zs[2,1]",-1.9095236409905412,-1.56863162712831,-1.2770060140955273,2173.9322217529902,1.0004692906974912
"zs[2,2]",1.2449125642211563,1.5442753425260243,1.9049052080676239,3142.2773924311186,1.0005848601261407
"zs[2,3]",-1.184385501069687,-0.783188901807261,-0.4291871069002959,4174.438955461971,0.9998679207118694
"zs[2,4]",-0.6578906640888527,-0.3170848683294946,0.009596700731164236,5586.7264353162245,0.9992198909099779
"zs[2,5]",0.23004451772048093,0.47885168038246484,0.7567473442089948,5078.9190012834215,0.999528181453884
"zs[2,6]",-0.4619378805590703,-0.294373295860073,-0.14880688491481125,5180.653500097701,0.9999246476054687
"zs[2,7]",1.3354568166805103,1.6391054007064725,2.0094200082702343,2701.8329067507207,1.000308636622361
"zs[2,8]",-2.046521984119576,-1.680948813499111,-1.3745337794490686,2682.8209735745363,1.000462640403417
"zs[2,9]",-0.36951661329592655,-0.2785000549771579,-0.1959466949246891,3005.239841555214,1.0001201124776744
"zs[2,10]",-0.16097914813578218,-0.07602425524169093,0.005789684086416218,6117.770794733833,0.9996308835981594
"zs[2,11]",0.18417794536861576,0.30783526132942973,0.4390636553164359,3605.8326601018284,0.9999116431613911
"zs[2,12]",-0.14019113783653986,0.07658428109184262,0.30612526792666866,5188.176115054019,0.9997783738048165
"zs[2,13]",-0.5706287173886544,-0.30529956389412133,-0.05714729699745877,5041.661280500073,0.9997039751521444
"zs[2,14]",0.4523246094975499,0.6967484422606798,0.9655009875075727,3631.8726375500282,1.000100588694666
"zs[2,15]",-0.25814462988074505,0.025762455168982977,0.32442814155810157,4667.273834446089,0.9991974172593141
"zs[2,16]",-0.6453350522198488,-0.3698596197119558,-0.12496313656145375,4321.80731564673,1.00051627598085
"zs[2,17]",-0.461316665060857,-0.2137768427765317,0.03250768025716611,5687.829763390347,0.9997573863648965
"zs[2,18]",0.14611141259210694,0.40891209672170165,0.6788411916392006,5430.713870978224,0.9999146226291282
"zs[2,19]",-0.6896632076432592,-0.44452664019787846,-0.21005303607108455,4448.288109534841,0.9995576757961038
"zs[2,20]",-0.72354347356942,-0.45257757428683754,-0.1807168353824231,4658.723939936307,0.9999988469034822
"zs[2,21]",1.5112499012311678,1.9240537297055555,2.3871693342386924,3853.7716928305836,0.9994411935494166
"zs[2,22]",-1.2335860007874524,-0.8257154822459554,-0.4405479685252302,5403.613337264605,0.9996022384492428
"zs[2,23]",0.09541979144716468,0.4431308743220319,0.8584212587691322,3465.2463096514957,0.9999386595971641
"zs[2,24]",-0.8124533809444243,-0.3813724870538741,-0.04618616586425241,3220.0599281264817,1.0001103326113134
"zs[2,25]",-0.4429578063667312,-0.11888361546935271,0.22410891152332044,3143.538303255946,1.0015082222637886
"zs[2,26]",-0.5476414028031288,-0.1966814217318129,0.11980265212199206,3866.3738660350145,1.000875578218952
"zs[2,27]",0.28134998792477023,0.694167110155727,1.216381983404737,4903.433361893704,1.0000819200422304
"zs[2,28]",-0.36693764808632706,0.18891282225574074,0.7352947038705139,4215.527847401651,1.0003968635225777
"zs[2,29]",-1.2838680241822136,-0.7700015569971033,-0.3938206311988523,4140.680058201463,0.9994813747357187
"zs[2,30]",-0.3216513578462322,-0.14369437244362393,0.029249316032877816,6315.1724801168775,0.9999815949486208
"zs[2,31]",0.47698146809233494,0.7519284737993106,1.0989727357160333,2552.4433235757574,1.0013272653958878
"zs[2,32]",-0.867953245070388,-0.5024736116776274,-0.20918452205804622,2899.3924214105914,1.0004865977584578
"zs[2,33]",0.34574116628251,0.6607586656277598,1.069848535527725,2947.4918253342566,1.0015517541206618
"zs[2,34]",-1.0276954615785925,-0.002567601758278927,1.00490959719622,8774.772827205703,0.9996866445314582
"zs[3,1]",-0.35179779131372013,0.2200944349333228,0.8087526409606104,3496.033346497778,0.9994999395752677
"zs[3,2]",0.00539643248681112,0.5464269390692651,1.1147690693069205,4598.264879582957,0.999790797548654
"zs[3,3]",-1.9186095644550711,-1.3364582324818763,-0.8288411736149857,4307.344762606774,0.9995090336440259
"zs[3,4]",-0.4831891175847105,0.1558058637756579,0.7541020969772239,3935.0595192053615,1.0005979952694244
"zs[3,5]",-0.5507152476907058,0.07417702872359008,0.7343361843866475,4203.280302342768,1.0003339515708656
"zs[3,6]",-0.3303422437532411,0.2511826911398807,0.8486062886913216,4100.698193689877,1.0011857108353313
"zs[3,7]",-1.795053003764298,-1.2473385218413489,-0.8653835040950074,3146.6733483585194,1.0014817750698666
"zs[3,8]",-0.5922600059928759,-0.018451718281276085,0.35257197422783765,3032.239580939839,0.9999477796338068
"zs[3,9]",-0.6513276194024383,-0.13746118004900038,0.31735526579378526,3379.3570869261157,1.0001232750594975
"zs[3,10]",-0.14379640242746763,0.2993697826057714,0.8505612533340093,3839.6051721006133,0.9995486906250599
"zs[3,11]",0.23138778011933794,0.578141072151192,1.0533017292644038,3781.818050930138,1.0003036190354166
"zs[3,12]",0.4906625804089369,1.0697558326396999,1.598283095758679,3254.5528079054093,1.0013151729825873
"zs[3,13]",-1.4230112048524723,-0.7443006116316141,-0.12124015637590574,4219.682575140591,0.9996669060043467
"zs[3,14]",-0.8022478497052733,-0.06527307540566361,0.589532789774592,4269.50047484866,1.000627126660443
"zs[3,15]",-1.3877537444764034,-0.7704453939895852,-0.14583702270470422,4045.1687548788805,1.0004974515558276
"zs[3,16]",-0.6866675482796185,-0.04313832899109392,0.5302038571800398,4397.052183850774,0.999391214894562
"zs[3,17]",-0.5497005599884347,0.08197281422374986,0.6956235667403601,4280.242413997143,0.9996123364589126
"zs[3,18]",-0.7647469284341739,-0.1657311528361753,0.5000275138876711,4575.082531101316,1.000233233754483
"zs[3,19]",-0.26103808860973776,0.31212949199269135,0.9829576412427125,4288.819863343091,1.0007160077736355
"zs[3,20]",0.30234588125126327,1.0083571016047554,1.6820466817849307,2776.213852106557,1.000408781453161
"zs[3,21]",-0.41679461936500617,0.3361698035139502,1.118867712885069,4107.281626862967,1.0010419208559236
"zs[3,22]",-0.4124983129434696,0.301946473763382,1.1167447555108032,4452.557826949147,1.0008113496617062
"zs[3,23]",-0.6359743866346688,-0.03665557870456884,0.6478683894490591,3475.21357342232,1.0002333213263406
"zs[3,24]",-0.11468907446558865,0.617769959952672,1.3016559014727642,3857.419833412634,0.9996051938022897
"zs[3,25]",-1.3565182870792638,-0.6890466586947548,0.25294574876954584,2047.230147158904,1.0018249195935152
"zs[3,26]",-0.3318854235014335,0.4173231582997545,1.2204974096060095,5040.370295052717,1.0006035802154054
"zs[3,27]",-0.0026302618321755993,0.8761793486000524,1.7235948577634783,2635.694211871881,1.0006371836437367
"zs[3,28]",-0.8908495644110662,-0.06497350659621545,0.8434103126604937,3850.945821248599,1.00107101791351
"zs[3,29]",-0.6894516868796675,0.24182829272975354,1.1304007235272744,5466.155304140499,0.9999006580934364
"zs[3,30]",-2.431804030853117,-1.4906838378966807,0.09564615860246248,818.3443700729268,1.0081654935100133
"zs[3,31]",-1.1803595186071822,-0.2615244438363845,0.6723534282813761,1818.407320091055,1.0014121260326325
"zs[3,32]",-0.9861569715587326,-0.07291104069185297,0.8708636211164273,3146.8963207727925,1.0000247046552668
"zs[3,33]",-0.9342923567624623,0.02386556502663674,0.9656921063750269,4545.995901338589,0.9998483130989813
"zs[3,34]",-1.0458589224848855,0.006070743723697264,1.016179306036316,7487.0677431148915,0.9998290855730703
"zs[4,1]",-0.9780022531320176,-0.13484756458834168,0.6444436658814411,4359.777489602444,1.0018160198687391
"zs[4,2]",-0.8775139357564001,0.0481819673416234,0.8909292197267881,4229.478251847049,0.9999027616291167
"zs[4,3]",-1.670372260935476,-0.8381544993704488,0.09246887688404747,3078.8190975574707,1.0012929914578954
"zs[4,4]",-0.7103024647729655,0.15775803806975414,0.9971896958937693,3441.2336230663227,1.0011131017820154
"zs[4,5]",-0.7063752003669262,0.18605416475239545,1.1015876226572745,4843.966078257843,0.9997733368517153
"zs[4,6]",-0.7266679733833518,0.15081634435992752,1.0833745092238172,4609.3419610760775,0.9995099909308465
"zs[4,7]",-0.8964604905507612,0.005280477678896783,0.946757230027524,6058.031424687733,0.9997788595003616
"zs[4,8]",-0.5401624339560552,0.4340545980506313,1.3560590573541946,3950.892399145419,1.0012563151405973
"zs[4,9]",-0.8060801925075997,0.12728705519516514,1.0464599352262285,5097.451760873504,0.9999026961146077
"zs[4,10]",-0.8251219355715572,0.10187361608285024,0.9958180981989329,5802.711771480895,0.9999581532505929
"zs[4,11]",-0.9647945627443089,-0.02384689624663569,0.8906606976935179,5606.427895244878,1.0000631496694388
"zs[4,12]",-1.136075297583091,-0.188370985923086,0.7477207420864364,4901.316437355839,0.9994050230132157
"zs[4,13]",-1.8333669136668924,-0.9458127307777036,0.19498828770028775,2749.4508303104476,1.0008324391753018
"zs[4,14]",-0.5055847671872341,0.4659964674346474,1.2720385162920138,3142.3657822650016,1.0003695297377662
"zs[4,15]",-0.9354167813427587,-0.09610906060869866,0.7983147096733155,5344.620215931021,0.9998121018726926
"zs[4,16]",-0.6628998315202421,0.2656797500356732,1.152205086438156,5280.034442971659,0.999364390182961
"zs[4,17]",-0.7519389911076069,0.1295408571296757,1.043154493426184,5341.522893634321,0.9993140757527262
"zs[4,18]",-1.036692677506606,-0.06887892427787261,0.8817321679886556,5771.741169721207,0.9994928103913252
"zs[4,19]",-0.7877333293395591,0.17698965322515886,1.1516042388962064,5843.962216711889,0.9996117870681767
"zs[4,20]",-0.8399967557251522,0.07826996744539166,0.9920100412068138,6022.820777902071,0.9993496224859516
"zs[4,21]",-1.0265697488075098,-0.05220825372135142,0.9381025319776023,5981.655517710177,0.9996947219162092
"zs[4,22]",-0.9728470491504735,-0.019728726241304433,0.8986878119537773,6419.077218555851,1.0000462595872528
"zs[4,23]",-0.9863663267388452,-0.05589518861055591,0.8669138110956487,5004.477499047867,1.0000054563244765
"zs[4,24]",-0.7960314295265907,0.17657566180222145,1.1049452389383458,3800.316333373922,1.0002528791207614
"zs[4,25]",-1.557694233817349,-0.6657354401344656,0.36482305826944444,3859.6590035523977,1.000936932124447
"zs[4,26]",-0.4302467434925447,0.32436894710234415,1.1356390546370805,4165.836622253864,1.0001820191588062
"zs[4,27]",0.24368168532096282,1.1112040161218735,1.9153001596381714,1891.7652994053453,1.0003843211289538
"zs[4,28]",-0.6269944225892343,0.13151982010717128,0.9684482808585699,5646.976939882776,0.9990865625687105
"zs[4,29]",-0.04802903853581447,0.6999207172889573,1.3976838256584438,3334.496980728913,0.9995889595190112
"zs[4,30]",-2.439732306364933,-1.598682173456117,-0.6942568050977804,879.259874811586,1.0036634129074795
"zs[4,31]",-0.6678023450252164,0.2126487139739675,1.091366699826233,1366.7346270033697,1.0010909132598829
"zs[4,32]",-0.46738779834094657,0.31286454329369856,1.133836184966575,2721.458084812252,0.9998544525754035
"zs[4,33]",-0.4901025186461687,0.3625201447213525,1.1811213633667237,5030.703234979797,0.9992244618952175
"zs[4,34]",-0.9781044545415093,0.006442018351456546,0.9996926592986377,7880.213016743679,0.9996311132623157
p[1],0.001492937778689221,0.002837489187291562,0.005066428546797879,1172.9674426299432,1.002082742611718
p[2],0.07654048768329562,0.1256849809045517,0.18894637921210156,1005.2165948357452,1.0027195783693152
p[3],0.2981070754373789,0.46723685866222636,0.6579904970328693,978.6021286487567,1.0031907755094378
p[4],0.45900066311680054,0.6551069613567824,0.8305601084068304,2618.756368881465,0.9998512324635399
theta,0.3206083578991576,0.33518080368800696,0.3499732389938071,7113.712717001791,0.9993225238245945
lr[1],4.94548826216505,5.5413302749497975,6.188014436359213,1273.1810130639533,1.0011405500065473
lr[2],2.225278405605319,3.002386182786187,3.811486557272186,1691.6489276725415,0.99995083175108
lr[3],1.787986176057265,2.5233415335603975,3.3259731196836513,1607.343294854037,1.0011255511960453
lr[4],3.464252957076267,4.160546480477695,4.909907842399281,1629.4396721221674,1.0000178224218406
lr[5],6.751881792105424,7.392921873678873,8.0827708649315,1095.9110752097135,1.0008383439431179
lr[6],5.102714023388194,5.839929833573039,6.600539088728983,1558.0384362900827,1.0002195609913156
lr[7],5.22639662413525,5.887924442491419,6.6469521508638945,1653.0727005205479,1.0011570531074387
lr[8],5.507684394737778,6.140796730704905,6.8168098321541155,1348.6398201181241,1.0011754707015816
lr[9],4.427560765787228,5.005124771076444,5.650368972860528,1263.259976695354,1.0023737633549645
lr[10],4.968993399900872,5.635033971830219,6.342855710384085,1397.9323346791832,1.00041197588671
lr[11],3.1426840914363456,3.9573997583481226,4.802919776630546,1698.27523631583,1.0015881704687166
lr[12],3.1506439014272796,3.8684913870524396,4.617480354369672,1526.0254586285623,1.0010072063839364
lr[13],5.039959311992073,5.678191149776222,6.352378100221159,1299.5596194504237,1.0014488115167284
lr[14],2.252423474222415,3.0444972211566075,3.824090606037988,1735.6443078745542,1.0004765795228592
lr[15],2.996607720265847,3.717295252613452,4.552408833336072,1443.4855778950198,1.0005428162050154
lr[16],3.1458356859229326,4.068334902152053,4.9853278676981985,1566.53930658083,1.0004142169443715
lr[17],3.573125221579764,4.385773486274141,5.23117606333698,1754.6266419875053,1.001270267999254
lr[18],3.952865890171879,4.86070663270166,5.808601645000773,1638.8397574871926,1.0004165382597365
lr[19],3.4864009533817626,4.261939350992528,5.06961656073077,1720.3225440190722,1.001222610605605
lr[20],2.7786368571115303,3.5408582110404163,4.41838863650768,1972.9110891838661,1.002083985568049
lr[21],3.05958517254131,3.687093757025102,4.405153292431727,1929.0296666061254,1.0000922613942536
lr[22],2.064148362599631,2.763193894673231,3.55856209763975,1558.126804553913,1.001340835126027
lr[23],2.7792784551977605,3.376033208723136,4.092176769149197,1610.8580131052483,1.0012912336781636
lr[24],1.546097668535725,2.4107351679922804,3.3376830362921073,1644.055985890645,1.0000763648124567
lr[25],2.1273606895930364,2.8913581690314176,3.715047754651597,1375.3034224295773,1.0015521534632081
lr[26],3.6576478051802734,4.306410390572565,4.972728468307907,1544.1860075195632,1.0007086642042893
lr[27],2.888755938678912,3.6776337955999843,4.518420760084915,1445.021097931914,1.0017578719551075
lr[28],3.0175498765343085,3.7496517266959963,4.549556460539299,1382.5092194723547,1.0007529701686686
lr[29],2.0188150870684423,2.686378627593034,3.4403419170644014,1532.9193608261537,1.001070327188959
lr[30],0.736520380569814,1.4909738281810307,2.340285497851661,1409.5481770330268,1.0018444892901235
lr[31],1.0337292247981837,1.7852442597906713,2.605725692153626,1669.9274098712583,1.0006179660392025
lr[32],4.2169877805830565,4.841386936566928,5.494401172659991,1211.70847226786,1.001276865011475
lr[33],3.319911958462696,3.981153009579838,4.682029524223574,1344.415692573689,1.00096567288553
lr[34],4.644312713566864,5.25263415098155,5.891773592762412,1209.3215602182609,1.0011542593698772
r[1],140.53945569071936,255.01704186204603,486.87849946765584,1554.7198765706407,1.0006587127408546
r[2],9.256059509790123,20.133522801534216,45.21760752904103,2179.5595418021185,0.9998027205934826
r[3],5.977402931587966,12.470196823456934,27.82607067826901,1947.6770258321424,0.9997481667611331
r[4],31.952583348733615,64.10654604484631,135.62691589013517,1881.1252052876685,1.000020161175196
r[5],855.6674379983051,1624.445683584779,3238.1938298825903,1449.8973881202025,1.0007123005157454
r[6],164.4676757250708,343.755252647146,735.491579821384,2023.7460854821425,1.0002743806182008
r[7],186.12093021796764,360.6559453983058,770.4326093952527,1820.1083736821395,1.0010451159950084
r[8],246.57948906813064,464.423443913494,913.0675615751741,1575.9064994093405,1.0009639283089404
r[9],83.72693823665013,149.1757022345843,284.39638221243774,1622.1254965203404,1.001287757487085
r[10],143.88198334768182,280.06843207295447,568.4172308312855,1796.931972263742,1.0005238776770864
r[11],23.16596330225476,52.32110153924153,121.86571930759186,2027.7328768868836,1.0018369069839927
r[12],23.351096206477138,47.87011422406833,101.23862514090023,2055.4206906795253,0.9995571994269755
r[13],154.46374651794733,292.4200127051224,573.8558068279419,1521.2833146098906,1.0008633019486255
r[14],9.51075794382149,20.999470475391853,45.791139649003746,1814.8653896679527,0.9993841358748452
r[15],20.017517071062287,41.15293825617009,94.86065343923613,1455.2415585931064,1.000248363652949
r[16],23.23908793976138,58.459540854202174,146.25152379999264,2134.257557925591,0.999864242529026
r[17],35.62776439063241,80.30031053120035,187.01265757649676,2146.639197010511,1.0006525438353617
r[18],52.08442252768833,129.115412212546,333.15294256641056,2362.1225424281524,1.0004277076908548
r[19],32.668161815140756,70.94744226172313,159.11352278640658,2187.480955597242,1.0004731027176887
r[20],16.097063405479986,34.49651225999645,82.96249941352264,2689.8832501715438,1.0021779833476907
r[21],21.3187141470119,39.92863607263407,81.87169303039086,2503.475963660184,1.0000302102640544
r[22],7.878586620755627,15.850386855602686,35.11267224819835,1814.4146898681802,1.001648812487596
r[23],16.10739473967475,29.254496076432098,59.8700790197258,1928.780997898957,1.0010843036759343
r[24],4.693120555532418,11.142149708109438,28.153829268533023,1929.7303495284655,1.0007380358751305
r[25],8.392688560054697,18.01776440823817,41.06054789078807,1895.031951885546,1.0006810286759085
r[26],38.77004154048607,74.17375575324324,144.42046668702213,1899.4866254476972,1.0003618523505142
r[27],17.970938746151013,39.55269440871899,91.69071853330277,1759.2150854629904,1.0017578541637393
r[28],20.441146945081897,42.50627599213965,94.59044448669525,1884.581090094576,1.0004934301863397
r[29],7.529398443076429,14.67842590881072,31.19762390465764,1839.81558412472,1.0007605747536725
r[30],2.0886551752516,4.441418672796326,10.384201552162208,1965.4464166631174,1.000619609959639
r[31],2.811531163159726,5.961036092302439,13.541049055133211,2073.844619217173,1.0000574074999244
r[32],67.82886125764408,126.64488395545078,243.32577325844633,1512.0676888558157,1.000520648817162
r[33],27.657916970497528,53.5787815006331,107.98901799421776,1697.1317913839052,1.0000282623613508
r[34],103.9918700071169,191.06891210494024,362.0468475880321,1513.7452878654583,1.0004487671277003
"ls[1,1]",-1.4236874529695824,-0.8107367651032102,-0.15253491991021487,2472.9995616501874,1.0007206758842138
"ls[1,2]",-5.38875274253196,-4.870559522774844,-4.3942544506457075,2696.23892285955,1.0012623225580883
"ls[1,3]",-2.596178161257282,-1.8654155298015431,-1.0271987545811294,2877.882668361603,0.9999009995666549
"ls[1,4]",-1.6212069289660598,-0.7013730041732862,0.342993024480009,3078.5902923148205,1.000477766810556
"ls[1,5]",-3.180166419086592,-2.548480155086323,-1.9033909085447813,3309.6740139245694,0.9998548393246691
"ls[1,6]",-3.6867776425056,-3.228558757874632,-2.8121565827474644,2152.063645291073,1.0010164150108782
"ls[1,7]",-2.663820730933781,-2.087284167011109,-1.495527958716433,2876.561097981926,1.0001610091406228
"ls[1,8]",-0.24908711708124964,0.6449517873609323,1.6914177858002417,4070.2132621407886,1.0002177557088971
"ls[1,9]",-2.012830807581881,-1.4619453720290134,-0.9258238234921884,2352.880281955287,1.0005146978651585
"ls[1,10]",-0.20580624287840285,0.6755245293328106,1.6410278855742577,3603.988930172342,1.0006514855633355
"ls[1,11]",-3.060476082911961,-2.5001566630581458,-1.91654035130215,2614.4383788134564,0.9995488551106748
"ls[1,12]",-2.274609234770883,-1.4742235988647738,-0.5829407244408225,2867.9572022243074,1.000363824197743
"ls[1,13]",-1.3602080338662772,-0.4946448444915187,0.46625006271772296,2654.413746970382,0.9999317341677983
"ls[1,14]",-4.447036682025412,-3.9404999059205306,-3.465398432754552,2538.052330529777,1.0014564385485594
"ls[1,15]",-2.5256899777702118,-1.7748122196139613,-0.8994591326813124,2744.5194615058485,1.0006724951902537
"ls[1,16]",-0.9424174092947876,0.07916582080781676,1.3615186698589334,3144.7612568001946,1.0000482416948828
"ls[1,17]",-2.0315659474025023,-1.0590852776701736,0.3862907163790799,1885.3851657938292,1.0012892178500667
"ls[1,18]",-1.3945042305796347,-0.28576869123640936,1.4416686782039405,2046.5455666395874,1.001611972215225
"ls[1,19]",-1.8664886786677792,-0.8963154089803262,0.9725106449632209,1564.6755469084612,1.0032025224273131
"ls[1,20]",-0.8515114908844962,0.5052022213104861,2.6828379332593175,2100.0331105464106,1.0003173839245518
"ls[1,21]",-0.17603806578047948,1.449569727180822,3.7486161634547877,2765.658288480506,0.9997862793938825
"ls[1,22]",0.45907500634549914,2.078215198947387,4.123853332231137,2690.965731825156,0.9996401285111451
"ls[1,23]",-0.4183458305432726,1.477593336410893,3.8361275552013603,2999.345880674165,0.999564192516278
"ls[1,24]",0.06442201661295088,1.4439217600398189,3.20279871520807,2534.5895435763223,1.0006880416496968
"ls[1,25]",-1.7864780083227882,-0.5829010232910833,1.3953782042739815,2518.553693706612,1.000581040605145
"ls[1,26]",-1.6057767659251034,-0.7107648199469918,0.4018860149191703,2748.1924462352868,0.9997289712271853
"ls[1,27]",-5.0195370116409785,-4.400079804644401,-3.809155112348469,3053.5710208004543,1.000899530088315
"ls[1,28]",-3.7343503788998365,-3.0010459030018666,-2.214848901559552,3031.199479775491,1.0015620655389137
"ls[1,29]",-1.6733329586301333,-0.8583769325199323,0.1679194352014892,2495.4567599007623,1.0003712298739136
"ls[1,30]",-1.0894345377467634,-0.09016003505613276,1.340923861531019,2606.742718953902,1.0009282727807793
"ls[1,31]",-1.0410811929449477,0.10578639736060325,1.5875522094221899,3097.412222923108,1.0002534028212435
"ls[1,32]",-1.675853312630689,-0.7457897038133754,0.3880563723945072,2767.7601087295066,0.999805552921063
"ls[1,33]",-4.459836559330148,-3.950009658150307,-3.4660894329006062,2646.578472408792,1.0010261455706126
"ls[1,34]",-2.1209752542575804,-1.4878512355489988,-0.8325990890893258,2447.920272231818,1.0011625471239605
"ls[2,1]",-0.3926117544563676,0.16402493544280217,0.7740144537730667,4041.207748310542,0.9996325851696473
"ls[2,2]",-3.18552539323569,-2.885453825468176,-2.6360560530887183,3234.421980127304,1.0003847572258056
"ls[2,3]",-0.5902863067085073,0.09405671624673162,0.9027731948909876,3097.2171789833724,0.9999075026227435
"ls[2,4]",-1.9979457789053747,-1.4552365845437705,-0.8554744803991885,4820.850969153247,0.9996091327709885
"ls[2,5]",-2.5611626247860286,-2.0709972002770494,-1.5515843767578543,4367.936052739576,0.9994243558739265
"ls[2,6]",-1.51230878125785,-1.1001093685880012,-0.7096268613317954,3918.4650423887965,0.9993736926326726
"ls[2,7]",-1.9865942987865268,-1.6811324420327605,-1.394025230473495,2965.9426974282064,1.000032673234889
"ls[2,8]",0.7424436102443027,1.5350983623290717,2.4315553232098437,2896.3913267150356,1.000107489991289
"ls[2,9]",-2.046132405608687,-1.7444687425235552,-1.4787401515536573,3044.379284085436,1.0008038867438922
"ls[2,10]",-2.569350515687586,-2.2913312219793323,-2.0515434041749177,3127.1246350503075,1.000376809348328
"ls[2,11]",-2.7312509445259745,-2.4432825911128897,-2.1851821052861333,3041.401647368506,1.0000806710149075
"ls[2,12]",-2.1844446520102614,-1.8306201955784533,-1.5301191852271636,3186.5926567540287,1.0008253167624483
"ls[2,13]",-2.1766098842218096,-1.6905749891030257,-1.221347075378028,3918.755945691179,0.9995733205127134
"ls[2,14]",-2.703496422904385,-2.297401130750427,-1.9061109161702894,3577.6770372547553,1.0009264448256838
"ls[2,15]",-1.4132770674211623,-0.9429267857659509,-0.4397709370056717,3930.6238217129667,0.9993912607588586
"ls[2,16]",-1.4062637992471463,-0.8954147979526887,-0.3220992827955111,4050.1694054181808,0.9996726750081323
"ls[2,17]",-1.979087722995104,-1.6089688236583632,-1.2405447639135407,3162.8274196431344,1.000935429030484
"ls[2,18]",-2.51862348479487,-2.0340511436470994,-1.5270316257803265,4715.703430924813,0.9993574530787105
"ls[2,19]",-1.667750214031136,-1.225806538308678,-0.7791612301776882,4181.993494795403,0.9998654146289632
"ls[2,20]",-2.5238978692112166,-2.1131168018611346,-1.6789586537251755,3764.0558863645365,1.0011032258124943
"ls[2,21]",-3.4625421993058234,-2.975543447446525,-2.513186427866394,4485.120032154101,1.000345959855058
"ls[2,22]",0.0046196544494236,0.7537951129815665,1.6070320746916757,3543.0577906496624,1.0001898487680516
"ls[2,23]",-1.341012359172931,-0.8682330886011902,-0.3541686214431942,3301.7472737438507,1.0002050374625546
"ls[2,24]",-0.7089177671217508,-0.009420636222752396,0.9258361740671833,2727.964487935523,1.000538873523142
"ls[2,25]",-1.2423275511629406,-0.7648947341392518,-0.20920474417174661,3243.7160746377244,1.0000207062571158
"ls[2,26]",-1.6045439443471918,-1.0084550673833275,-0.2731484354738888,2956.8378432912064,1.0007132824999165
"ls[2,27]",-1.7849535367882994,-1.3673320330411287,-0.9272583578915821,2934.965772232593,1.0008870960631184
"ls[2,28]",-0.8846133212560383,-0.035068016247782885,1.1185235344896987,3339.063748798879,1.0010389286364147
"ls[2,29]",-0.4860354434626737,0.32949733586286606,1.4928237924516612,3245.8669822376696,0.9994476276069791
"ls[2,30]",-1.513134505667264,-1.1473884459061947,-0.7865884731544808,3345.585928280827,1.0002245751323502
"ls[2,31]",-1.8312995637011995,-1.4378919183404058,-1.0493966155107668,3782.36767326097,1.0002457489538361
"ls[2,32]",-0.5947714977729213,0.015239688101990057,0.819708470712282,2544.043204483841,1.0000569925079352
"ls[2,33]",-1.4290640492181796,-0.9613981361637087,-0.45993246075014454,3673.043354229973,0.9998082758352971
"ls[2,34]",-0.3617965514491046,0.30749434361342254,1.2814163475828357,2434.730890854607,1.0018562412006067
"ls[3,1]",-1.3575887875926054,-0.5565449809366367,0.28686195884063226,2792.947818923025,0.99965440586685
"ls[3,2]",-1.3085545627201578,-0.1285114565299384,1.119228304039272,1826.6472670567944,1.0005290696472073
"ls[3,3]",-0.168044338554882,0.9086750891785188,2.1650828325877938,1737.0528380040687,1.0007132519753168
"ls[3,4]",-2.6416218081660086,-1.5592786278120463,-0.7411895098335332,2109.396221524783,1.0008860400742885
"ls[3,5]",-2.811913838456218,-1.277365488404254,-0.05175668228057349,2058.636179733143,1.0030804791453258
"ls[3,6]",-2.50825157950518,-1.1687005843865874,0.05138642198726171,1994.6512137700104,1.0019562127552353
"ls[3,7]",-1.484721681381345,-0.7352473864807969,0.0715385997360317,1148.1559720568378,1.0030011977098785
"ls[3,8]",-4.457072571560774,-3.053636191171232,-2.278889020448875,1441.732127101129,1.002399486562784
"ls[3,9]",-4.900634816046601,-3.0802983790358063,-2.260393563118725,1256.8164537548557,1.0011468310118006
"ls[3,10]",-5.309373000074604,-3.475933924601193,-2.4892281717907334,1457.1775496892094,1.0007754366968962
"ls[3,11]",-4.2947600244256385,-2.839034623943,-2.0864544825284894,1410.3815616844306,1.0021972594079525
"ls[3,12]",-2.7841433790659003,-1.7554155965974299,-1.045254136636287,1503.6729901306444,1.002108507032388
"ls[3,13]",-1.1800922974807269,0.1682624298454517,1.5035114313344293,1393.7275100152965,1.0041081082766106
"ls[3,14]",-3.088155902293723,-1.2776138800722736,0.22009338832650205,1483.6279271381827,1.0032159825268847
"ls[3,15]",-3.431582771429442,-1.176309732621338,0.02596642175238676,1322.8693373443093,1.0043168639104605
"ls[3,16]",-4.742688671172474,-2.663193159175845,-1.58315683746624,1526.2300665077694,1.0038360384600211
"ls[3,17]",-5.049505734303048,-2.726434447300505,-1.5793106283528464,1295.2179774980148,1.0032575091174505
"ls[3,18]",-5.000818499316134,-2.5484551418517234,-1.41518304169783,1181.745141860416,1.0037620637279447
"ls[3,19]",-4.954156424735789,-3.011214870882693,-1.8085068203931496,1520.1409501892397,1.001903583414971
"ls[3,20]",-3.666232728007948,-2.4135618497108227,-1.5617040644455717,1599.3056474094537,1.0006628026478464
"ls[3,21]",-2.285698332458272,-0.6278013911611298,0.9196128617537942,1163.1959429118933,1.0019791686057171
"ls[3,22]",-2.027538331503064,-0.07056083765351763,1.993893585745393,992.7079941964707,1.0046095009900269
"ls[3,23]",-0.9633480824075188,0.1735267029244187,2.427128862197276,860.920212505681,1.008999483148582
"ls[3,24]",-1.373190542057648,0.06737224055792584,3.0909983809621795,815.6656912310619,1.0090129146925613
"ls[3,25]",-0.26042106890869116,1.4498537172207904,3.9345797374684106,899.7734437561331,1.0084666317443152
"ls[3,26]",-1.804595847936901,-0.18743320117771106,3.981320504642086,827.5375263174511,1.0093180313389927
"ls[3,27]",-1.1600012170500822,0.7617858039666651,4.647631143582456,861.1916406283121,1.0072127544714966
"ls[3,28]",0.9333253101141374,2.598885559327549,5.4149425473875255,910.0578388061252,1.0077415197588377
"ls[3,29]",0.3104865409147037,2.620093655693476,5.995417446657596,843.4622696441984,1.009411327194759
"ls[3,30]",1.295669961334828,2.6799229774638214,6.270798077817626,712.1825912481853,1.0116607163657696
"ls[3,31]",-2.560804216071841,-0.5061455582471666,6.330916391333685,560.0836232604037,1.014685369153417
"ls[3,32]",-4.052273363497338,-0.7035829669183127,6.437531778462957,525.0435194319122,1.0135187847515734
"ls[3,33]",-4.908087290853205,-0.8524938257320568,6.873880812300137,527.5557881422252,1.0126983949270265
"ls[3,34]",-5.451015694853118,-0.8629998711953577,7.167554687169758,555.6818350410914,1.0114104278691127
"ls[4,1]",-1.627334444841628,-0.922560171572959,-0.2583941025834261,4608.333151763382,0.9995208944698262
"ls[4,2]",-2.9894954859129355,-1.1848542640224746,0.4826047860875308,3398.000204043585,1.0022076078307713
"ls[4,3]",-3.4963485461498807,-0.9077706355354895,0.97353947962702,2706.97315672791,1.00169318292699
"ls[4,4]",-4.2622452399742,-2.4395269515366005,-1.2930102610425245,3787.5620938683996,0.9999036681656326
"ls[4,5]",-4.641526004293631,-2.143828352061636,-0.552767035615895,2649.7541180188427,1.0012412887345015
"ls[4,6]",-4.813137507445687,-1.8896418175405036,0.352970636425451,2351.7330236502667,1.0015885945279126
"ls[4,7]",-4.70052897737702,-1.659193542256411,1.039399128581562,1951.0622083403393,1.0012817268966603
"ls[4,8]",-4.654498744140484,-1.3364172078275596,0.6561815088516902,1678.9262247323352,1.0027237067140822
"ls[4,9]",-4.529355510271867,-0.37385642227348265,2.2547048194446004,1330.8264903393106,1.0045911767602547
"ls[4,10]",-4.37717468473708,-0.2570207098382142,2.8266729187899093,1337.0768146922162,1.0040955471085862
"ls[4,11]",-4.4624044872909225,0.05502418844356177,3.060293530084994,1145.4165788394612,1.0053965184534295
"ls[4,12]",-4.4226431167096525,-0.033080099660054874,2.8778854364658524,1116.0807501194913,1.0074079320528697
"ls[4,13]",-4.541487307783236,-0.18878468839886808,2.0680551838943533,1184.198824045798,1.0085238199746587
"ls[4,14]",-4.736795100001362,-1.950824902905934,-0.8392129486765134,1530.9786049077156,1.010072680444535
"ls[4,15]",-4.855320753202907,-1.3379283862035893,0.9325993260195826,1329.3340245338402,1.0091398603989543
"ls[4,16]",-4.811302594332706,-1.3338932784534827,0.36895247588850977,1277.2014802248366,1.0092735610677415
"ls[4,17]",-4.8569081559858915,-0.840356116743304,1.3660725016462374,1254.7801285011785,1.006969171909372
"ls[4,18]",-4.760127842843433,-0.6443869722038048,1.9221195294676525,1125.9507479026477,1.006624017377154
"ls[4,19]",-4.62576192038564,-1.1369518738715412,1.7608616894797677,1094.11722187169,1.0080077130279983
"ls[4,20]",-4.689001328297796,-0.82423708074383,2.5953815813891064,1033.4163134134083,1.008728120488612
"ls[4,21]",-4.7342002365056075,-0.6770158572699863,2.8320449790905395,985.3309236572601,1.0082507745461382
"ls[4,22]",-4.646743174943848,-0.8241642522482597,2.518659780235899,967.3818676360095,1.0090855748088507
"ls[4,23]",-4.624135483796194,-1.0475032098664914,2.3179723198440385,1098.3850455095487,1.0071604135603793
"ls[4,24]",-4.349886105397651,-1.1956140103156634,1.9380353932536922,1221.8584228612453,1.0068710388352005
"ls[4,25]",-3.813661201286028,-0.4400489433687217,1.7004992793501985,1410.1226924104199,1.0059580481447334
"ls[4,26]",-3.8231669042950176,-1.8964297463489466,-0.28139445480730874,1330.6242777167174,1.0053693089662643
"ls[4,27]",-3.000805971879352,-1.276434241286923,0.10226201888953215,1638.5717260998565,1.0054307893241516
"ls[4,28]",-1.0411240204004073,0.9154689817483215,2.4788138663472927,1294.6812444868744,1.0038088342360778
"ls[4,29]",-0.49295547349663354,0.9374651948309277,2.6952119704723962,1042.440019222335,1.0044189928954455
"ls[4,30]",1.3672122155759607,2.3732862757698423,3.464207100136682,708.0253490648537,1.0070936248906286
"ls[4,31]",-2.376919403873502,-0.6208260368744812,0.7570940035678582,639.6595400539385,1.0088359680729757
"ls[4,32]",-3.189090194257899,-0.007126974391499341,2.2127754464714546,565.2979133349046,1.0072585674971026
"ls[4,33]",-2.9234464570037817,0.5145307456646074,3.5096427264466077,599.7453143761089,1.0060166020155499
"ls[4,34]",-2.0900539402005465,1.1921226271247465,4.240127021923472,725.8626863759399,1.0050185591193612
"s[1,1]",0.19408415815908697,0.30773351776402164,0.46194003634483793,2390.867332183171,1.001125915919683
"s[1,2]",0.004546898172346275,0.0076107060067702875,0.012197467743202225,2575.934144008092,1.0023774743171396
"s[1,3]",0.06938479303200433,0.1340730837024136,0.2636275702564492,2560.253995339474,1.000266509189303
"s[1,4]",0.16503849322156783,0.3315078856188855,0.5849173806002483,3029.714956668227,1.0006381389838708
"s[1,5]",0.03991895538719164,0.07252865981815093,0.12972517368648723,2941.844087199389,0.9996907185413152
"s[1,6]",0.02444030785814648,0.038105037848905864,0.05667078160717184,2021.1156989398619,1.0018215263846852
"s[1,7]",0.0651422687322621,0.11033889015619339,0.18309346052575393,2736.5052144868237,1.0006833286398233
"s[1,8]",0.43804820376785236,0.6558719562713906,0.8444104646559505,4220.627338609019,0.9997619719234436
"s[1,9]",0.11786233794489023,0.18816996808796238,0.2837727588794654,2235.5275670187552,1.0009806047160563
"s[1,10]",0.4487292811144257,0.6627390743668751,0.8376747534546669,3880.6809413929154,1.0005123564590634
"s[1,11]",0.04476734314647929,0.07584719842142909,0.12824785911332853,2543.2446373375883,1.0002899652358568
"s[1,12]",0.0932477634152765,0.18630149647200728,0.35825622378754185,2647.7142240489047,0.9999124118025678
"s[1,13]",0.2042064961180008,0.37879997631768725,0.6144957984397793,2761.6050654933633,1.0000756777235509
"s[1,14]",0.01157761510418429,0.019067844698535254,0.030312948448027194,2338.6391308984585,1.001962007267669
"s[1,15]",0.07407672725316383,0.14494490338451077,0.28916174745725326,2506.7197978283025,1.00065193489134
"s[1,16]",0.28041229630745484,0.5197811251583108,0.7960064101057982,3235.9009109656195,1.0000636920641375
"s[1,17]",0.11592833578697631,0.2574843154684464,0.5953894435655422,2003.2668589100942,1.001336890247063
"s[1,18]",0.19868965563614982,0.4290400811094638,0.8087129172562719,2350.9258525132796,1.00139938862986
"s[1,19]",0.13394853672848608,0.2898082701758329,0.7256196394648842,1795.644717266917,1.0021886855144182
"s[1,20]",0.29911590845776287,0.6236810075190932,0.9360063083564663,2591.763851000996,0.9999118496311009
"s[1,21]",0.4561037919030227,0.8099322043032158,0.9769915388872616,3157.8829796311725,0.9993376711746155
"s[1,22]",0.6127947030784803,0.8887677063884405,0.9840756329932532,3622.4663052272654,0.9996613415046031
"s[1,23]",0.3969126464741055,0.8142087586975157,0.9788787357409654,3392.4245000113497,0.999556346314888
"s[1,24]",0.5160999363804171,0.8090611688646466,0.9609394608636422,3408.8353000185393,1.0000259945466459
"s[1,25]",0.14350511449347741,0.358265347124196,0.8014494458042571,2580.3808618865005,1.000481043487913
"s[1,26]",0.1671757950786415,0.32942987696281,0.5991406912844434,2670.634501949402,0.9996991025297803
"s[1,27]",0.006564211677342389,0.012127479109762345,0.021686184841960325,3245.9454347375167,1.0009447199592367
"s[1,28]",0.0233313298484212,0.047378645384684004,0.09842495651311448,2872.70221618598,1.001385462543944
"s[1,29]",0.15798031934548037,0.2976785762120957,0.5418814908080669,2578.849511535514,1.0005866713588456
"s[1,30]",0.2517247736908074,0.4774752476411442,0.7926418290674448,2788.5662513956813,1.0009511917024883
"s[1,31]",0.26094144067174774,0.5264219637541345,0.830271405746482,3326.817138831372,1.000112894800449
"s[1,32]",0.15764534740462835,0.32173939556290315,0.5958147230706835,2705.995526993004,0.9997430366252893
"s[1,33]",0.011432053179713375,0.018890783663796755,0.030292643635944236,2698.0122139183386,1.0016834039671754
"s[1,34]",0.1070747909177862,0.18424446919158133,0.3030957871981976,2349.1018773092683,1.002233492758365
"s[2,1]",0.4030887343912312,0.540914543945942,0.6843886598553951,4077.1181608996053,0.9996976709770874
"s[2,2]",0.03971407601735086,0.05287733510962289,0.06685365631423354,3363.219718265089,1.0003449478686746
"s[2,3]",0.3565691673266741,0.5234968591614364,0.7115190593341019,3265.551565705613,0.9999587645338642
"s[2,4]",0.11941877242418879,0.1891969587050893,0.2982857278400558,4573.855979727479,0.9994674674271262
"s[2,5]",0.07168014336396811,0.11194786308566393,0.17485756104686864,4076.421229077459,0.999708562729001
"s[2,6]",0.1805968840141,0.24971940570018972,0.32968129543871716,3973.9092273301967,0.9992360561353412
"s[2,7]",0.12061763537703449,0.1569455731183499,0.198765929283617,2976.1720545368735,0.9997590630831177
"s[2,8]",0.6775299430601218,0.8227510332749866,0.9192021212536468,2778.503378761749,1.000303837998078
"s[2,9]",0.11444376693983535,0.14874621317679476,0.18561778737796028,3091.237330883901,1.0005742542114384
"s[2,10]",0.07113720797733822,0.09184345582458894,0.11389652330606614,3200.8539293233857,1.0001799182867006
"s[2,11]",0.0611543011218177,0.07993117038778139,0.10108905529253849,3294.0528238731276,0.9998989098053094
"s[2,12]",0.10115608761741698,0.13816440838838012,0.17797624902010317,3309.4652946365563,1.0009660773465896
"s[2,13]",0.10187068176055979,0.15570025411041494,0.22769947723553458,3748.233498141262,0.99964974636532
"s[2,14]",0.06276735517967491,0.09133843081171036,0.1294184034912363,3553.0159822507885,1.0006275428131326
"s[2,15]",0.1957176913021813,0.2803095248511829,0.3917955560244344,3896.81019911302,0.9993185474511038
"s[2,16]",0.19682402225466453,0.2899936684314216,0.420164222913099,3981.1993136811852,0.9994943276142878
"s[2,17]",0.12141612443281494,0.16673183045543588,0.22434117617986868,3223.5069151480366,1.000800202383906
"s[2,18]",0.07456287517729558,0.1156738762681131,0.1784284156000467,4390.428144155916,0.9993850997182541
"s[2,19]",0.15872436657509637,0.22691622225741181,0.31450068850874474,4254.993805181879,0.9997179091809544
"s[2,20]",0.07419973963695571,0.10782845914433531,0.15723341774224794,3949.0094515910596,1.0004760207811132
"s[2,21]",0.03039701758077022,0.04854304948890936,0.07493891804358756,4193.226115254868,0.9996196791219194
"s[2,22]",0.5011549115407534,0.6800050694094897,0.8329989198516576,3878.4611815536655,1.0006337912481733
"s[2,23]",0.20734362585006902,0.29562209282457097,0.41237190777947713,3373.302786461007,1.0001002417627016
"s[2,24]",0.3298380210533143,0.49764485869964026,0.7162297724100666,2850.1688742384513,1.0006313337597077
"s[2,25]",0.22403110246798733,0.3175845112139336,0.44788873664043916,3272.293922188943,0.9998650852533818
"s[2,26]",0.1673474939449944,0.26728230911737594,0.4321343325646741,2736.909616358825,1.0008944229093248
"s[2,27]",0.1436925506070309,0.2030512386678524,0.28348126629151693,3178.226494584161,1.001036848607602
"s[2,28]",0.2922226999586772,0.4912339021792431,0.7537147444953687,3509.149628599045,1.0009302394098296
"s[2,29]",0.38082796112516615,0.5816370658850618,0.8165017301157527,3880.6675325175393,0.9996445283877116
"s[2,30]",0.1804747244475892,0.24096641743833438,0.31290165977703455,3481.65589868045,0.9999302684813369
"s[2,31]",0.1380835321661199,0.19187202453061813,0.2593409869240363,3731.1479190142486,0.9999726065504702
"s[2,32]",0.3555408022809419,0.5038098482899495,0.6941744517524029,2723.1510262669663,0.9998779099581202
"s[2,33]",0.19324455843518246,0.2765983521249523,0.3870018462776048,3677.890040382405,0.9998875226872654
"s[2,34]",0.4105247411792764,0.5762735406100614,0.7826907736602385,3079.7207548336532,1.0010704161439656
"s[3,1]",0.20463246796928128,0.3643472631961967,0.5712277141961685,2631.691329630191,0.99969062464853
"s[3,2]",0.21272882331526127,0.46791627956183357,0.7538453842379144,1771.6405131945385,1.0006200792884261
"s[3,3]",0.4580875057751929,0.7127289602394449,0.8970697896857431,1671.9019210312936,1.0009686067267307
"s[3,4]",0.0665073490899638,0.17375023532107645,0.3227440964243913,2027.46808016499,1.0014199721988712
"s[3,5]",0.05668377665065186,0.21799903812650961,0.4870637170611048,2020.8730982790578,1.0026361752653785
"s[3,6]",0.07528174937080724,0.23708998385104435,0.5128437757308715,2048.358105690491,1.001332491745985
"s[3,7]",0.18471530722684798,0.32404428248923256,0.5178770263732096,1258.4201837984942,1.0035301725460806
"s[3,8]",0.011463337667995073,0.04506074859802786,0.09288652067207259,1701.1725620623936,1.0027291424481704
"s[3,9]",0.0073868945941753875,0.043927296946142835,0.09445670069736718,1342.364843903155,1.0023312442722692
"s[3,10]",0.0049206941653336545,0.03000480147110353,0.07661682833580662,1643.777786204497,1.0014300447485411
"s[3,11]",0.013456309439251395,0.055250907565253,0.11042036206114204,1287.9627671519181,1.0043110138247369
"s[3,12]",0.05818708994893895,0.1473654342149322,0.2601374779089036,1351.5431454660038,1.0033693359909936
"s[3,13]",0.23503560332266168,0.5419666389344951,0.8180976098112152,1378.7837351737635,1.0050815607999886
"s[3,14]",0.043598467016468474,0.21795667835571308,0.5548022836884402,1574.893801511179,1.002867055478995
"s[3,15]",0.031322880525993295,0.2357163914231885,0.5064912316255132,1393.331455071225,1.0039269797790802
"s[3,16]",0.008639886502425892,0.06518053838948921,0.170348875355013,1660.93963432632,1.0034841591865697
"s[3,17]",0.006371644016874568,0.06143142365430959,0.1708931372080933,1337.4162503841198,1.0038205988094504
"s[3,18]",0.0066874117714597805,0.07253034797599994,0.19541784569740817,1276.0175027181429,1.0027209504401642
"s[3,19]",0.007004617648226246,0.04692178705674199,0.14081870065435437,1760.8936725107403,1.0028339964525013
"s[3,20]",0.02493497497869098,0.0821443850360224,0.17340226410306547,1792.1055154218154,1.0008030086666122
"s[3,21]",0.09231436730677527,0.34800923365531644,0.71496321660208,1067.5558450529668,1.003073854879044
"s[3,22]",0.11634175910134409,0.4823671059510504,0.880154435224706,954.96188361586,1.0050508730163836
"s[3,23]",0.2762083714472896,0.5432731366456378,0.9188724216480364,806.922804518069,1.0068203360187655
"s[3,24]",0.20210486734591948,0.5168366921042515,0.9565198911711196,889.4169299685788,1.005899524458898
"s[3,25]",0.4352602030311314,0.8099758545005773,0.9808211068724548,1061.5636439934894,1.004332333721607
"s[3,26]",0.14129257732897424,0.4532784106319315,0.9816808685131666,856.0372580918396,1.006030913279881
"s[3,27]",0.23866708609245743,0.681741282722878,0.9905066815771499,993.7679118915389,1.002504022306934
"s[3,28]",0.7177494312181681,0.9307897985587043,0.9955701176833331,1281.458867444586,1.0028081679629592
"s[3,29]",0.5770040157527566,0.9321436303345628,0.9975160481226286,1404.6064635388243,1.0036752131583606
"s[3,30]",0.7851053335736028,0.9358314911667642,0.998112843519119,1078.7543949571248,1.0036802466685542
"s[3,31]",0.0717039934307979,0.37609753850420513,0.998222762697714,483.7773500372953,1.0117353757608278
"s[3,32]",0.01708581292450961,0.331018891791082,0.9984021922468083,442.49566251018405,1.01197013637758
"s[3,33]",0.007332443788553121,0.2989099993562102,0.9989666090111586,455.58373254042306,1.0104601902414696
"s[3,34]",0.004273675512916386,0.2967130173358158,0.9992293823863923,480.9003337811502,1.0099445246840926
"s[4,1]",0.16419584284775698,0.2844365336987589,0.43575851424857204,4814.521013415185,0.9995371132636591
"s[4,2]",0.04790269742687111,0.23418051074602747,0.6183627606116548,3295.669812817489,1.0022216441035665
"s[4,3]",0.029416304673055095,0.2874562520096039,0.7258243916856704,2279.314152875007,1.0018944933821767
"s[4,4]",0.013894843192782955,0.08020784685537469,0.21534373146833802,3976.6324147310875,1.000147628223839
"s[4,5]",0.009550872391752374,0.1049093950122105,0.3652226747015437,2125.7117921631043,1.0010893319257868
"s[4,6]",0.008056895028954734,0.13128531499098062,0.5873377504569164,2045.980159398846,1.0013321844653404
"s[4,7]",0.009008575031002875,0.1598702860410438,0.7387340390756524,1881.1678476885122,1.0007430950465779
"s[4,8]",0.009428938932121524,0.20810002547620476,0.6584020823186634,1497.431072192218,1.0021526615487313
"s[4,9]",0.010672534698841598,0.4076095056226992,0.9050551668107202,1274.6476002527868,1.004309122495372
"s[4,10]",0.012405220522661537,0.4360962293593254,0.944100262130084,1182.7834389728653,1.0034068708023178
"s[4,11]",0.01140307007644741,0.513752561713579,0.9552248493140725,1173.6353896338485,1.0037273896194026
"s[4,12]",0.011860120649430568,0.4917307591929036,0.9467423259847785,1214.2229746065723,1.0052589825316924
"s[4,13]",0.010545187300758879,0.45294373990441383,0.8877592927284994,1341.0618178699578,1.0060568504515368
"s[4,14]",0.008690553273371886,0.1244634389088821,0.30170057346131324,2117.813578565822,1.00553455544805
"s[4,15]",0.007726676502412394,0.20785099703535237,0.7176023314932714,1423.7873900680524,1.0072308164560606
"s[4,16]",0.008071591333624426,0.20851610065961318,0.5912058344641031,1442.992231503491,1.0056304402325258
"s[4,17]",0.0077145110095941955,0.30145988425905546,0.7967447878688747,1291.3395828845396,1.006122027307228
"s[4,18]",0.008491883759978494,0.3442555785545234,0.8723746022826357,1182.8683046720332,1.0043256888700842
"s[4,19]",0.009701153956866673,0.24288045054762109,0.8533175348241823,1177.2201607288284,1.0040979620450807
"s[4,20]",0.009112071931771406,0.3048649874798284,0.9305637448244934,1220.2849288698346,1.0055012651189188
"s[4,21]",0.008712894459939207,0.3369276984893511,0.9443831094293953,1067.7171919760406,1.0059945992001735
"s[4,22]",0.009501673719006056,0.30488042330040976,0.925439630165644,1023.3128156058164,1.0061424278546316
"s[4,23]",0.009716793470941046,0.2597049453364645,0.9103545913453746,1349.5237133387889,1.004474880089855
"s[4,24]",0.01274382284425292,0.23225639352379762,0.874136139049547,1460.1668574748142,1.0041249618653445
"s[4,25]",0.02159078967387911,0.391729308632509,0.8455999300797021,1918.2452814677324,1.0038257491879068
"s[4,26]",0.021390922992055646,0.13051309157716495,0.4301119405813711,2261.3130583681873,1.0024353613170882
"s[4,27]",0.04738950474564397,0.21815780602692256,0.5255432486790697,2411.555288683017,1.002967579520277
"s[4,28]",0.26093317532211757,0.7141179443681768,0.9226431544733883,1901.8868107424437,1.0021844466190832
"s[4,29]",0.3791975816441478,0.7185873077334113,0.936743437290128,1535.1493432783202,1.0017887414389026
"s[4,30]",0.796929364193713,0.9147674325944557,0.9696520109252025,902.0654956291811,1.004359350249953
"s[4,31]",0.08494973801287384,0.34959368516023237,0.6807224776859182,684.5679494367497,1.0096107674650137
"s[4,32]",0.03957846405091589,0.49821826468013053,0.9013908926440038,520.0718736518901,1.0086465217499951
"s[4,33]",0.05100679499431458,0.6258679756830121,0.9709608919835448,521.7246137198914,1.007662284720674
"s[4,34]",0.11006730152697786,0.7671204714442967,0.9857988155978157,616.4543703294464,1.0059712252242152
"x[1,1]",5.341004176878372,9.820780447899734,18.649924701919478,1514.4842446852288,1.0002812107778658
"x[1,2]",21.241042537067504,38.085600972795675,72.57913214899284,1441.3781782659357,1.0004417637410357
"x[1,3]",0.7581912095176995,1.6850670979253062,3.861217181371678,1891.1977920471566,1.0001373099913946
"x[1,4]",0.4903484513221831,1.0429746382573923,2.2765745087857345,1899.598736009966,0.9999301438561943
"x[1,5]",4.189175705753588,8.567647768550518,17.95079366200295,1756.9312821200417,1.0004549677729182
"x[1,6]",35.79575104364209,65.07845436105855,124.91510949906056,1381.7145071224377,1.0008334017079756
"x[1,7]",2.8885720872546115,5.560569495765451,11.481479986668209,1592.7741718915327,1.000360414899036
"x[1,8]",2.7558182903796613,4.7101941017775,8.793426460827003,1408.6730882091904,1.0017824441236483
"x[1,9]",13.556938514318606,25.097291189990724,47.643858439506616,1445.9057900641697,1.0007383465773574
"x[1,10]",2.8229607547394417,4.796553654843237,9.061688402864519,1351.6051291747876,1.001504616200248
"x[1,11]",5.533737192765464,10.840102437246589,21.582576929525313,1647.3019354193982,1.0004214514094758
"x[1,12]",0.7894445489260158,1.7170982731878481,3.809038532482138,2042.4519358522523,1.000992879421152
"x[1,13]",1.0038538453093269,1.999066415348603,4.282846979997307,1857.2370402353943,0.9998058250647185
"x[1,14]",8.999208267881489,16.793563084017915,32.22464366347938,1444.2113837699478,1.000543003970114
"x[1,15]",0.7937922866907778,1.7265345737113096,3.858596362160265,1810.1492108472721,0.9993258852714274
"x[1,16]",0.5067856464796261,0.9746743184395492,2.108409672858596,1637.3640182562328,1.00051406450674
"x[1,17]",0.569813585190323,1.4119419292017654,3.4659249260382476,2143.086362439534,0.9998443844106035
"x[1,18]",0.46995075314974805,1.0262502900611525,2.2683226010048454,2130.638582248849,1.0007061032550435
"x[1,19]",0.5501232809213269,1.340353011789988,3.2915429658642337,2059.366686501465,1.0003228783601867
"x[1,20]",0.3881544680920791,0.7419435092291995,1.6598285185852661,2134.498070819588,1.000261451372555
"x[1,21]",0.10676474224051652,0.1906385783228911,0.4021189453695062,2023.3746861794536,1.0003920648037405
"x[1,22]",0.2545066681064736,0.43226794891379916,0.7956559728275074,1821.0585875883191,1.0002702864286004
"x[1,23]",0.16395702039993268,0.29773040998970224,0.6605259020023846,2051.941757166967,1.0011162837429697
"x[1,24]",0.2762984004188334,0.4741421781735135,0.9207894217910904,1623.3572865379128,1.001030914197169
"x[1,25]",0.2596591507127962,0.6131275575737755,1.51078370471793,2166.4869075831243,1.0010163502586535
"x[1,26]",0.5998808277478171,1.2452155433857945,2.7856409295357802,1982.1160563942965,1.0013258894940265
"x[1,27]",4.0434372791964055,7.774504161368013,15.275935641006718,1637.7538014770043,1.0005704463962362
"x[1,28]",1.3315022836526627,2.784235213832525,6.403511408734139,1934.2774271977576,1.0016172190644457
"x[1,29]",1.0638159537427923,2.217634654244902,4.764840632120794,1906.1505172706784,1.0004807759838934
"x[1,30]",0.7784387303529471,1.5644227415002268,3.370475246374532,1658.797361129169,1.000922247433462
"x[1,31]",0.23335586001816813,0.4640522437620306,1.0866777456570256,2217.6263069871675,1.0006667082749905
"x[1,32]",0.4636760105799832,0.9883185736117321,2.368666827434034,1949.4545669309919,1.000090330378093
"x[1,33]",8.887969395082507,16.19865290789039,31.32888228124783,1517.0238571073876,1.000559887205174
"x[1,34]",3.1887801818742254,6.126199681159541,12.539580040419775,1702.4458154107617,1.0003348841335502
"x[1,35]",11.387646266851991,20.822974283007113,39.90406550097331,1417.0597572770894,1.0007189970567356
"x[2,1]",0.1488181015638771,0.23214892997525804,0.38716548976916493,1134.9108985746825,1.0013110839711077
"x[2,2]",1.8968342049353881,2.883994164990921,4.703875361678704,1035.0324740163228,1.0017875988818594
"x[2,3]",0.1716000226338464,0.28448464608850577,0.48791604263791255,1164.6782290753113,1.0023925233937439
"x[2,4]",0.13714054799889036,0.22177505216570267,0.3745139094979437,1093.9400146382998,1.0016823487287965
"x[2,5]",0.2050878803659667,0.3221789963387065,0.5388869660703024,1188.794106875453,1.0008004587695356
"x[2,6]",0.3873489636784675,0.5949107814839725,0.9995257624796414,1061.3602263170544,1.002067040719668
"x[2,7]",1.5687120105839356,2.397997303155102,3.90803590762932,1042.766792146705,1.0017067933477724
"x[2,8]",0.4023548119984153,0.5976314781116123,0.975032017523192,1012.125640104344,1.0022197390336993
"x[2,9]",1.9193359289953056,2.922330678029894,4.736107089421131,1041.1135565962416,1.001851625515138
"x[2,10]",2.9787588529541895,4.4823183638217525,7.366125385690037,1042.3696300020251,1.0017038544494812
"x[2,11]",1.9797463379135214,2.961693654332036,4.93441462178602,1041.744313873038,1.0019160385317298
"x[2,12]",0.5189444335708554,0.7925967258982649,1.3106839534366157,1062.525160063481,1.0018569350176671
"x[2,13]",0.1947924717882315,0.30637540009596687,0.5166964182163784,1203.9420000281607,1.001377323927287
"x[2,14]",0.46645195598894784,0.708613678695911,1.1830132140785934,1081.954587754243,1.001739861774379
"x[2,15]",0.1947652098672748,0.30858062971500855,0.5144452945247207,1139.8324770845352,1.0016432154062187
"x[2,16]",0.15242768112233643,0.24400048206841166,0.4209658316036982,1182.844599036274,1.0019121786192187
"x[2,17]",0.3061493934840543,0.4664808184883297,0.7763895266171117,1081.0916798734438,1.0017184174727667
"x[2,18]",0.2251696913698345,0.3494888753938599,0.5852040617097642,1129.5777755388717,1.0015098575046082
"x[2,19]",0.2584832887167849,0.40311749913696926,0.6687176939897568,1149.192883703219,1.001351651289525
"x[2,20]",0.24489638716838774,0.37963312862121235,0.6404739669944949,1144.3241355672938,1.001630439915433
"x[2,21]",0.2645650995199968,0.4148862640221186,0.6921593116343978,1147.5308296893118,1.0014917609901015
"x[2,22]",0.08503425590984015,0.1347533993218224,0.23557664889342972,1197.5219367924133,1.0022470871541336
"x[2,23]",0.2186312068999582,0.34467238876016637,0.5770757904497392,1127.5221601120365,1.0014093907838801
"x[2,24]",0.1287350466906938,0.20607164136505002,0.34937191601011425,1165.2472116530262,1.0008495545377154
"x[2,25]",0.2208947768493002,0.3475242856889911,0.5864195393860232,1096.6240986265332,1.0017982137323764
"x[2,26]",0.11803676617588801,0.20322581898010478,0.36507400387304234,1246.5153268301,1.0010848179842473
"x[2,27]",0.2504679584630031,0.38898769507619924,0.6565293341216745,1119.5908206776498,1.0022594935073343
"x[2,28]",0.052996549427003416,0.09070969139583251,0.16639854299062412,1331.6138527214068,1.0021638345877135
"x[2,29]",0.07892699061860685,0.13313894330458642,0.23969518022325131,1320.7008944961283,1.0012710408251113
"x[2,30]",0.41040975121121603,0.6362819060308129,1.0385436681930422,1067.7648180759177,1.0018047889616646
"x[2,31]",0.44778123391893054,0.69187404015123255,1.1464936946393474,1081.5183156838007,1.0019397719846854
"x[2,32]",0.13948935498874673,0.22427774776706982,0.38054427926217016,1155.5052459674357,1.0022619233370642
"x[2,33]",0.19513716067345144,0.304588552655822,0.5131937549014419,1135.2615366025625,1.0021705046993719
"x[2,34]",0.1869648607447849,0.29704136036339135,0.505565835590076,1104.129359728983,1.0016913673474335
"x[2,35]",0.7205464511197363,1.0940334696035205,1.795881188375939,1065.114316007113,1.001954647060983
"x[3,1]",0.06879609150593706,0.10204205102534836,0.16543604243272703,1270.23586059166,1.0008334700624555
"x[3,2]",0.08232251310553039,0.11997380507430204,0.1938111233932192,1109.1864674375065,1.0019812914046315
"x[3,3]",0.10490150790574851,0.14650139984121438,0.23031658914602876,1120.3650871509058,1.0017029380180331
"x[3,4]",0.09635596687376473,0.14100163947094424,0.22490356720765514,1115.7528574656699,1.0019709424902636
"x[3,5]",0.026047406033445877,0.04157044952284926,0.07152448169927307,1441.375506769427,1.0007076353777278
"x[3,6]",0.02220622028969744,0.036556394458379826,0.06216411707753886,1527.935148880956,1.000520824204965
"x[3,7]",0.10026679638746132,0.1452854331330754,0.23230545239683853,1145.726582908032,1.0014788175916374
"x[3,8]",0.2573776239625074,0.3662926519451063,0.5761888322812194,1120.9101741463837,1.0014938865149756
"x[3,9]",0.3328687663817025,0.46973085571941664,0.7416187479223583,1058.9041509145395,1.001979904934578
"x[3,10]",0.2940279765989821,0.4206002460530042,0.662684623738747,1092.9018711064987,1.0014592112950083
"x[3,11]",0.2833471868348652,0.4002961344507937,0.6273905302225028,1091.1979488690113,1.0021344794780187
"x[3,12]",0.16260017058239243,0.23340093004393933,0.3650309044325208,1110.9851091710236,1.001955199236275
"x[3,13]",0.07475878728889963,0.10618090620112235,0.16760868693563735,1163.7704184621919,1.0014163099137336
"x[3,14]",0.030020310995326985,0.0469990633688873,0.07789647314761546,1296.4665327024884,1.0012124348110294
"x[3,15]",0.041147568716432374,0.06446737356793741,0.10845832832961601,1403.0078293629108,1.0005803337884052
"x[3,16]",0.056774534133250634,0.085044754179218085,0.1368677646544491,1183.8297112728544,1.0015185591399658
"x[3,17]",0.04670675406914247,0.07000556619947053,0.1140784689563765,1233.472752106074,1.0018100075679859
"x[3,18]",0.052467557558663266,0.07736361902834671,0.12239518168539279,1094.668897625947,1.0013519232324006
"x[3,19]",0.02524473947308716,0.04020467975261047,0.06933022173676293,1578.2616611605179,1.0008146511300386
"x[3,20]",0.06043648945604147,0.08994075744987924,0.1431157591128274,1214.014208248546,1.0007843005451285
"x[3,21]",0.026658638265623924,0.04108798395181332,0.06945525079743131,1376.8342033931651,1.0015384186898506
"x[3,22]",0.012237765923908621,0.020141211871066832,0.03497200866997995,1564.6287961333678,1.0014086431708824
"x[3,23]",0.059160741891382235,0.08700587400944938,0.1408618218503241,1086.4947394861097,1.0020575330259478
"x[3,24]",0.06608522040932677,0.10037835284014593,0.16251319619055746,1148.9998383087227,1.001846885132917
"x[3,25]",0.06896560484348954,0.10047124215837856,0.15549418707510448,1317.9082906773403,1.001317778452219
"x[3,26]",0.07079508046175434,0.10756350410879298,0.18282608466641131,1088.0113479386005,1.001873044249803
"x[3,27]",0.03571373901780654,0.053320375387638425,0.08973948146789656,1256.8574472295377,1.001131754536577
"x[3,28]",0.05362036334319577,0.07931186364239401,0.12140003187505147,1303.3113966798915,1.0011326970088832
"x[3,29]",0.026455772853451194,0.0426767683865063,0.07293532424574356,1498.1390317029463,1.0016702779259847
"x[3,30]",0.04989353763396009,0.07368566061418619,0.1155200951742655,1066.3212115351876,1.0019659769451565
"x[3,31]",0.102342538283434,0.14799138880856416,0.23949006167848363,1042.0234506419213,1.0021571344048459
"x[3,32]",0.08771886328875232,0.13142848340702318,0.2133397354163184,1161.6380823074912,1.001513700350134
"x[3,33]",0.07645865876638686,0.10805439814768353,0.1732186467554374,1160.3141843298065,1.0016146559045676
"x[3,34]",0.056892930063916325,0.0830526503095795,0.1304434068471489,1321.395299261604,1.0015177799542674
"x[3,35]",0.11511147490381259,0.1655582029370921,0.26285889492103137,1117.5524038892615,1.001617263277543
"x[4,1]",0.10884502748766414,0.14188542692866601,0.20696656363167565,2321.232919451675,1.0000192285027008
"x[4,2]",0.058907495872855785,0.08049586203146095,0.11912729935294755,2674.384112182481,1.0004927678179811
"x[4,3]",0.05919626973337333,0.07857526447801724,0.11443160119931663,2371.3321078488534,1.0006424220448518
"x[4,4]",0.09889274833441061,0.12717085039819565,0.18144371541183854,2247.7673098999776,1.0005286970874263
"x[4,5]",0.02714259541105868,0.03890846089390414,0.06028490942185683,2662.7436784579927,1.0000308451024653
"x[4,6]",0.010146912946462429,0.016308328221108045,0.027023703615719343,2623.8163830546328,0.9998279895581955
"x[4,7]",0.007748696311703709,0.013201885389754635,0.021943988907304188,2417.385367337283,1.0006197869904574
"x[4,8]",0.036674405126032567,0.05219301938123118,0.07838584281528187,2538.950897872793,1.0003546151229683
"x[4,9]",0.02224343841977909,0.03219467075164964,0.047977900089849944,2565.5253721014064,1.000511024307439
"x[4,10]",0.02697666570117802,0.03707928752986932,0.0547229853915459,2532.7542897305148,0.999971201007332
"x[4,11]",0.021725027754829134,0.03254219463524079,0.04949750664268991,2658.057047861986,1.0000249665644008
"x[4,12]",0.03010036627795638,0.04053302333733623,0.059805820802622284,2428.5182386024608,1.0005251339249948
"x[4,13]",0.04085755552563004,0.05462450966888703,0.08021435272919493,2345.406607640629,1.000724501940959
"x[4,14]",0.06039930657005006,0.07941855669664451,0.11359742535362705,2216.936728127917,1.0004775284068368
"x[4,15]",0.015450657499956897,0.023426760256849755,0.03678776572389562,2679.6939778484057,1.0012193452476428
"x[4,16]",0.016502269975917607,0.02357370418695253,0.03573006402939538,2626.686032293277,1.0000571320619895
"x[4,17]",0.007985014916703483,0.012519729235869925,0.02035393647971715,2813.9583544498114,1.0004020881252762
"x[4,18]",0.006232467717935326,0.010068235126826693,0.016422729929519528,2858.3316063354528,1.0018786753605415
"x[4,19]",0.006726918586292159,0.01068720409655887,0.01797868795917564,2987.6174648941046,0.9999113570730722
"x[4,20]",0.0030022047176393265,0.005869142483992467,0.010533127241256934,2483.2261675767436,1.0017639678343366
"x[4,21]",0.006637935151875063,0.010769307129690021,0.01809504053307257,3126.3407514005203,1.0003552528690887
"x[4,22]",0.012178914218883832,0.019018827281739856,0.031339347912514234,2508.8079504926645,1.0003810680092775
"x[4,23]",0.010700367003966735,0.016031700902164367,0.024328288774871507,2860.1251174631243,1.0012690272301734
"x[4,24]",0.0375048650198979,0.052763916303411554,0.0776874344858228,2380.965182091282,1.0010844781663637
"x[4,25]",0.048520547618857365,0.06783986756809342,0.10054371025462207,2384.961400367372,1.0009275816094212
"x[4,26]",0.07643998451073111,0.0998393506563195,0.14331857933247463,2191.356175230454,1.0005147203581277
"x[4,27]",0.049906142314431266,0.06870607251195346,0.10211360496452122,2160.123272012614,1.0008943226405904
"x[4,28]",0.036734602641283184,0.049821363691758394,0.07383039392753561,2349.4299469672605,1.0004501627361084
"x[4,29]",0.07811879732824069,0.10120159448618007,0.14373581777686553,2255.4829784071626,1.0003624646644473
"x[4,30]",0.07584893672583862,0.10221737456029943,0.14996838516219313,2178.270720205269,1.0008636808443667
"x[4,31]",0.12427735434735976,0.158251343995072,0.22382155567160714,2154.8760233467415,1.0010866633681326
"x[4,32]",0.09489103374561507,0.12302173296352406,0.1759968716182973,2259.5446651003876,1.000689271515534
"x[4,33]",0.08488262885595288,0.10952242176201837,0.15802651573228108,2242.3769757570403,1.0003721187501131
"x[4,34]",0.08100657240074778,0.10383247144174279,0.14871425985472705,2219.6428051190082,1.0004940576389412
"x[4,35]",0.07822581373504456,0.10089635050599152,0.14737576909036132,2286.657832310733,1.000310365343163
log_lik[1],-22.06085523995848,-21.40258693423942,-21.20703079821218,2670.5073332863412,1.0002685112142107
log_lik[2],-23.77480651055088,-22.952961263444514,-22.725040255540115,4345.8538702365095,0.9994250406066528
log_lik[3],-24.951317314662038,-24.211270634243174,-23.932655616361156,2821.9942045165567,0.9998544410908066
log_lik[4],-55.13375324163843,-54.38349295007181,-54.15156848880687,3298.4063275923213,0.9999112765204111
log_lik[5],-24.028298790589048,-23.057649844388337,-22.735681129280913,3906.5415844518525,0.999847989317109
log_lik[6],-98.59000089177691,-97.81409826222463,-97.61504016280857,3686.8491205808346,1.0000263467167765
log_lik[7],-27.212766438500957,-26.32908898382612,-26.059264252151355,3639.1653172330116,0.9998977126165253
log_lik[8],-27.51949223117188,-26.94334102351693,-26.632757014685964,3262.6765283347854,0.9996118151565544
log_lik[9],-6.922208903379748,-5.876138504519038,-5.550885506659631,4033.2873595601,0.9998631019118221
log_lik[10],-19.493081065937016,-18.19216881043736,-17.65173032735636,4418.021407844267,0.9999159818762658
log_lik[11],-32.52713600230697,-31.56610889388373,-31.229278186109553,4037.3800524674175,0.9995275719802234
log_lik[12],-37.09080231951737,-36.35860683617646,-36.11838993296118,3190.4607054501425,1.000103997243192
log_lik[13],-3.288725081453151,-2.0309735440502834,-1.2564796308988757,4259.113606086489,1.0007207172952761
log_lik[14],-24.416430736616494,-23.61394320937175,-23.378760796800947,3432.735245706309,1.0006470869193134
log_lik[15],-57.24708424856673,-56.34324322231265,-56.09635289619278,3719.127759805906,0.9999826597000211
log_lik[16],-93.1144974978235,-92.00609407917727,-91.66533461793838,3990.4367380408785,0.9996402532517527
log_lik[17],-17.074499088222154,-16.53761525203105,-16.246268973630386,2784.48164633588,1.0000525348413727
log_lik[18],-26.060422447218095,-25.18299669522935,-24.943601534614718,3581.7957007552964,1.0008305648718843
log_lik[19],-16.07071213830991,-15.405322350929673,-15.213331453108413,3063.4040098368177,1.0007200019615465
log_lik[20],-17.328717050492532,-15.926469064732935,-15.397021369617441,4212.105416068405,1.0016115690367344
log_lik[21],-124.91203498501393,-124.12152628365814,-123.9072288445098,3716.564387472004,1.0013585540176189
log_lik[22],-25.38102121893271,-24.656835018227312,-24.429294075460707,3122.7066186261013,1.000487519724847
log_lik[23],-16.46199284961701,-15.784208049468148,-15.604083764853353,2458.634577197283,1.0012223120109947
log_lik[24],-14.060090785849004,-13.517418749383943,-13.337283622219811,3138.7743191323925,1.0004310546562225
log_lik[25],-17.626558909713076,-16.966592780526938,-16.790414012660307,2893.0250840356975,0.9997398927662559
log_lik[26],-130.4567369012954,-129.7256403898961,-129.46704687379014,3831.574695584126,1.000294275750578
log_lik[27],-42.27999131599101,-41.53933259383075,-41.29457355508267,3081.867293812515,1.0007870924598137
log_lik[28],-10.542134989189153,-9.943325584568768,-9.776161856114067,2072.4946468579033,1.000092012611228
log_lik[29],-10.313254040040302,-8.626908817811564,-7.314081644229579,2119.386251028779,1.0011784071006442
log_lik[30],-48.23226407830606,-46.6435621094671,-45.90420527907109,4014.789360080062,0.9993622543718158
log_lik[31],-64.22660284111245,-63.48071747926878,-63.25252803384615,3703.660650564112,0.9998753369734187
log_lik[32],-22.55643666586924,-21.54956221119258,-21.275505790448307,2966.3959825789684,0.9998649228847281
log_lik[33],-44.647847985185784,-43.748840702177425,-43.496733291262146,3445.110308158488,0.9998844947728194
log_lik[34],-93.96839180091715,-93.16588223542166,-92.91995779575173,3589.886493757256,1.0007262666510788
log_lik[35],-72.22993736861137,-71.21852381495506,-70.90286229397317,3875.5314551102592,1.0001525203281583
log_lik[36],-17.805229981726942,-17.143806877021326,-16.944020644217208,3876.9096591772673,0.9994476251703853
log_lik[37],-10.394040997547933,-8.39358676380617,-6.634963149649883,2643.3081686551386,1.0022560424876752
log_lik[38],-110.47775053437528,-109.71597681868829,-109.46526472995032,3457.298025458297,1.0003695047623218
log_lik[39],-44.04019597542931,-43.29908836514832,-43.05769441985085,3626.9713364726863,0.9999529138463553
log_lik[40],-19.05934941382484,-18.51096752682507,-18.364000069141078,3380.501317167022,0.9994094788493135
log_lik[41],-22.60287757292793,-21.348008717147536,-20.870562769352084,3376.813951103213,1.0003225434353336
log_lik[42],-145.95687297690327,-145.1517459994369,-144.91875572696208,3906.973821060649,1.000015776284631
log_lik[43],-103.80414366991344,-103.0689703566736,-102.81128001441151,3280.260108261726,0.9999360320716595
log_lik[44],-17.816730061446265,-17.38028310803859,-17.195302527950194,2980.452422795366,1.0018838251750994
log_lik[45],-8.004473021719125,-7.448034687970292,-7.300072402275823,2794.5402170693737,1.0011673033934483
log_lik[46],-53.07746413374754,-52.343957500088194,-52.105101794766775,3998.361386586781,1.0000189956933296
log_lik[47],-47.2806665188582,-46.49241742337773,-46.23564870096602,3475.9779150225763,1.0001720207818021
log_lik[48],-24.16378390821423,-23.5367532525616,-23.298889830266916,3837.2535512026807,0.9997672624469681
log_lik[49],-6.382694445437196,-4.981754926524564,-4.060345899869749,3786.315965911613,1.0010514517369369
log_lik[50],-21.49058197766487,-20.83139264706191,-20.628266312408087,3618.375881348375,0.9997912533231516
log_lik[51],-33.09210512231911,-32.36258728037849,-32.10783180496905,3695.9557459360803,1.0000658546838725
log_lik[52],-32.58646368900856,-31.61147574772349,-31.306178718601963,3635.5802613693622,1.0003930957482563
log_lik[53],-25.731434183169462,-24.510249565646866,-24.14714117256568,4241.407031489497,1.0006136002003716
log_lik[54],-58.8829882106192,-58.13210172339005,-57.8764541873102,3630.272396792728,1.000060743831622
log_lik[55],-20.721681561267463,-19.91790268846846,-19.69599507315916,3531.7733474273386,0.999799405812495
log_lik[56],-31.15363159977122,-29.78424641439177,-29.323506561642468,3198.8667219748695,1.0007206769286876
log_lik[57],-6.960515347169716,-5.919217620954882,-5.555903560116762,3238.1258702009436,1.0009291149621198
log_lik[58],-25.096726430860397,-24.33301250136934,-24.122555305888472,3454.569029341956,0.9996246620558789
log_lik[59],-17.262087560643685,-16.5967592261216,-16.3662241591365,3963.3399043698287,1.0004483412384362
log_lik[60],-14.58675604475148,-13.562662281189157,-13.246592137723773,4095.721812491686,1.0001179707686736
log_lik[61],-4.3698317123831325,-3.7327938540071224,-3.4774103781227237,4188.8844449958815,0.9993037103114628
log_lik[62],-19.95566929513979,-19.196489059046264,-18.988545981628143,2821.0858867304737,1.0006224242065827
log_lik[63],-29.61532014400804,-28.872510237755804,-28.65390908310973,3777.0089146846026,1.000220180887392
log_lik[64],-21.501351847072662,-20.739575676139268,-20.496241960897077,3829.631292270495,0.9995297508712855
log_lik[65],-11.292063712760497,-10.207092535463147,-9.836684815049246,3135.989873790151,0.9998246448664972
log_lik[66],-35.68512619565441,-34.929032965958086,-34.61464588323037,3818.368415054739,0.9995428180017267
log_lik[67],-22.61842458812117,-21.85648287471321,-21.646303926993195,3727.6833337112075,0.9998880186472453
log_lik[68],-10.491289940595458,-9.931476480895087,-9.774438145080985,3723.5686823863043,0.999844755633983
log_lik[69],-5.935345857127618,-5.6139501124070685,-5.525955365105382,3966.4295971659444,1.0003736060297197
log_lik[70],-25.41819372388926,-24.657577423596194,-24.456560969203586,3884.6728612106294,1.0001955079712446
log_lik[71],-29.099915995785523,-28.404663458397728,-28.096287843488405,3840.3322835356275,0.999477041414998
log_lik[72],-9.2776522799179,-8.710768733362587,-8.54859484854243,3790.133958703709,0.9997850853250082
log_lik[73],-12.14396077532001,-10.530459048325017,-9.838193378637921,2872.9493081548817,1.0002304096078647
log_lik[74],-24.232328004908254,-23.50319168382365,-23.30716944921924,3699.297399833441,0.999632172351546
log_lik[75],-16.785908060354032,-16.109866728779306,-15.908934745207564,3286.626261873757,0.9996950769643416
log_lik[76],-11.57866529870351,-10.951580531624835,-10.764187375563779,4062.069681219777,0.9997304668244951
log_lik[77],-5.933207096555015,-5.628486545349235,-5.528606920873598,3546.404178044262,1.0000700986470277
log_lik[78],-25.334379723774216,-24.628310787468145,-24.42270645060206,3972.9078479443638,0.9997740202601074
log_lik[79],-25.78542538295452,-24.99379326137338,-24.773946403988656,3774.669855286781,0.9998758565668885
log_lik[80],-6.401133052143952,-5.734921772786674,-5.535607495489609,2648.778561641032,1.0007780738860677
log_lik[81],-0.6775231326141092,-0.4107106627636591,-0.25250743861144337,3798.8875036281975,1.0002170550832756
log_lik[82],-22.66406063812463,-21.917810563688384,-21.677240422906124,3833.740516409424,0.999682784650513
log_lik[83],-21.034355316289314,-20.38633166565978,-20.201703739125737,3605.705761076401,1.0005904150833704
log_lik[84],-9.497793023799334,-8.775150939515665,-8.558656767509614,4142.6382797180395,1.0001743385404587
log_lik[85],-1.337045303213933,-0.9093399830088293,-0.6003100415181659,3237.007783866047,1.0002450037763455
log_lik[86],-13.401790422015376,-12.098342016053252,-11.27026765947556,4369.417959521527,1.0008673478632424
log_lik[87],-11.790895873533701,-11.016419473507467,-10.825953016637751,2445.6753952300737,1.0000202389812334
log_lik[88],-15.476853175633758,-14.574350027899907,-14.202695173000619,3350.094429283647,0.9999855280059214
log_lik[89],-3.7704281885509507,-3.5290822411531897,-3.4350119731547553,2912.9149658059773,0.9999564070986123
log_lik[90],-25.579427199515827,-24.598314091364642,-24.324322871983423,3831.0331726021736,1.0000781100029692
log_lik[91],-26.291635365301772,-25.012185741214516,-24.612661851695364,3827.845945649352,0.9995365604224863
log_lik[92],-12.657328811139081,-11.985513556829527,-11.795879404769966,4072.356863390303,1.0002005259557107
log_lik[93],-1.4845952489916505,-0.9923142026615159,-0.6657107419669532,4073.4526527122725,1.0004518291509763
log_lik[94],-19.167194869146968,-18.570186295760987,-18.361656661735037,4154.027455024979,0.9998759902703205
log_lik[95],-23.908001938746562,-23.16730917987532,-22.938206012718982,3607.715319199559,1.0004038738938779
log_lik[96],-20.60172230433782,-19.958518635831414,-19.768603750973192,3373.730061102218,0.9995437191802496
log_lik[97],-6.337516217173932,-5.76454630296872,-5.5430545769079576,3205.7570924212796,0.9996558774976678
log_lik[98],-33.88466799652614,-32.99348863697418,-32.734746132202694,3599.856909476289,1.0001904447648247
log_lik[99],-26.172179303509164,-25.294228942481066,-25.04709396196928,3157.852148105421,1.0008428547731425
log_lik[100],-22.950985017175874,-22.126080482592812,-21.82317684433789,3618.670562838304,0.999730460712814
log_lik[101],-4.99093036693207,-4.0021792607573285,-3.5496842606310826,4242.279233617827,0.9995375793610177
log_lik[102],-17.84660187715204,-17.21585125332242,-16.959736011890104,3782.2030465947764,0.9996257736668422
log_lik[103],-25.83181538743732,-24.89794954727187,-24.61511884774165,3416.687064852285,1.000830399731007
log_lik[104],-41.81173775201495,-40.80405778705847,-40.50557733777765,3731.9770251967648,0.9999037281636273
log_lik[105],-21.611205162590107,-20.394750981930336,-19.9767883807713,4278.677940564019,0.9995779602832408
log_lik[106],-31.954477110410664,-31.12043292999762,-30.876579979724074,3895.1952327421795,0.9994553418872443
log_lik[107],-20.04749242526139,-19.323299188170548,-19.127181448633173,4063.33901587181,0.9996564650658267
log_lik[108],-26.825016731780565,-25.977107569226725,-25.728179666427422,3649.8204888275905,1.000265250312042
log_lik[109],-11.573856959602235,-11.006344436098384,-10.823021500241918,2896.553956488651,1.000216045591908
log_lik[110],-12.654754410860086,-11.886502743911905,-11.69605125224432,3872.481402176811,1.000268247371406
log_lik[111],-28.02737034476034,-26.869840071774806,-26.493378164489755,3886.8772195670854,1.0005072328367954
log_lik[112],-24.795187275112166,-23.65210749707751,-23.263378053379355,3734.8745092494055,1.000222032450662
log_lik[113],-10.485927581411218,-9.94172510708798,-9.776879289487637,2760.093016083552,1.0004850181863385
log_lik[114],-16.338383131337448,-15.809475177530931,-15.649120202144221,3902.1358603649273,1.000576848484759
log_lik[115],-16.787417680853693,-16.116734867678467,-15.864256148889947,3631.8098347703003,0.9995417794452649
log_lik[116],-44.501512761037475,-43.23807405013132,-42.60770403994646,3035.122646608713,1.000472183565633
log_lik[117],-9.169761295680654,-8.683802631060363,-8.547974851863138,2916.470408143592,1.0004330466112712
log_lik[118],-53.000782451398834,-52.24263412904154,-51.93277425158861,3976.0055696853165,0.9992969475426596
log_lik[119],-29.181779647267593,-27.567685207966655,-26.825860534151847,3520.0740361389317,1.0005619792542133
log_lik[120],-31.929407645730365,-29.55247270829269,-27.955131927647418,2396.050604672017,1.0005533077090272
log_lik[121],-1.631021106834819,-0.9596498123325514,-0.5901579167550025,4018.2304751861066,0.9994275806519106
log_lik[122],-50.35244542011896,-49.62852259635618,-49.416642624313795,3905.6033698655833,1.000573293008355
log_lik[123],-48.146420648723435,-47.27770297978461,-47.01184802672359,3715.9409245783477,0.9997258805441034
log_lik[124],-55.722631032475235,-53.14452517139179,-51.27747170283311,2662.168707243433,1.0003765012211088
log_lik[125],-3.3031285835981707,-1.9732256853669536,-1.1932496842605307,3953.0610604818703,1.0002373434239737
log_lik[126],-23.968443961318798,-23.37089049875877,-23.209984176580626,2832.2574410152106,0.9993088119945572
log_lik[127],-34.55322267674523,-33.90347742221783,-33.640650940747435,3159.512708599113,0.999599048266631
log_lik[128],-42.03232795831571,-40.928317041224155,-40.61921652193352,3386.7139039992376,0.9994865195194557
log_lik[129],-34.23451047716036,-33.20177749599013,-32.90553455589738,3716.5430178005254,1.0001127502027947
log_lik[130],-30.550366496988044,-29.701702522170986,-29.414764924055934,3792.8047817508213,0.9999763790643712
log_lik[131],-32.90637398493147,-32.25689335031102,-32.0736233439942,4048.818233104625,0.9994916107432122
log_lik[132],-27.374442434137322,-26.91003201999881,-26.795507114978843,3332.131475792622,0.9999414627845876
log_lik[133],-15.485181948354214,-14.671840745625966,-14.43834355415718,3566.641744995325,0.9993809230049489
log_lik[134],-32.01696504807035,-31.307115034495965,-31.115862238065077,3804.640006864002,1.0002306655715212
log_lik[135],-31.323285825641904,-30.443631017955425,-30.162344132509403,3448.5079675068555,1.0016057611949043
log_lik[136],-46.20521986641709,-45.68154591766317,-45.35228763042749,3887.9664662452587,1.0004964863035328
log_lik[137],-42.581375637045305,-41.81064769914158,-41.60193867414927,3817.499065813326,1.0000811909499798
log_lik[138],-58.19085038968335,-57.46289646856775,-57.14884569156007,3878.2928563450214,1.000703633815677
log_lik[139],-37.39492039148343,-36.68288586682964,-36.36995368369904,4177.63819239398,0.9995456428802608
log_lik[140],-38.508955642175266,-37.84238242518171,-37.489478720676345,3537.2272299181295,1.0005065467364647
log_lik_sum,-4076.014739754506,-4065.381911004749,-4055.3295986134185,969.3405999160718,1.0072753044956808
lp__,-4200.902581355716,-4187.208653977773,-4174.477948493309,693.5863052658765,1.0116950317411433
